Abagael,1
Abagail,1
Abbe,1
Abbey,1
Abbi,1
Abbie,1
Abby,1
Abigael,1
Abigail,1
Abigale,1
Abra,1
Acacia,1
Ada,1
Adah,1
Adaline,1
Adara,1
Addie,1
Addis,1
Adel,1
Adela,1
Adelaide,1
Adele,1
Adelice,1
Adelina,1
Adelind,1
Adeline,1
Adella,1
Adelle,1
Adena,1
Adey,1
Adi,1
Adiana,1
Adina,1
Adora,1
Adore,1
Adoree,1
Adorne,1
Adrea,1
Adria,1
Adriaens,1
Adrian,1
Adriana,1
Adriane,1
Adrianna,1
Adrianne,1
Adrien,1
Adriena,1
Adrienne,1
Aeriel,1
Aeriela,1
Aeriell,1
Ag,1
Agace,1
Agata,1
Agatha,1
Agathe,1
Aggi,1
Aggie,1
Aggy,1
Agna,1
Agnella,1
Agnes,1
Agnese,1
Agnesse,1
Agneta,1
Agnola,1
Agretha,1
Aida,1
Aidan,1
Aigneis,1
Aila,1
Aile,1
Ailee,1
Aileen,1
Ailene,1
Ailey,1
Aili,1
Ailina,1
Ailyn,1
Aime,1
Aimee,1
Aimil,1
Aina,1
Aindrea,1
Ainslee,1
Ainsley,1
Ainslie,1
Ajay,1
Alaine,1
Alameda,1
Alana,1
Alanah,1
Alane,1
Alanna,1
Alayne,1
Alberta,1
Albertina,1
Albertine,1
Albina,1
Alecia,1
Aleda,1
Aleece,1
Aleecia,1
Aleen,1
Alejandra,1
Alejandrina,1
Alena,1
Alene,1
Alessandra,1
Aleta,1
Alethea,1
Alex,1
Alexa,1
Alexandra,1
Alexandrina,1
Alexi,1
Alexia,1
Alexina,1
Alexine,1
Alexis,1
Alfie,1
Alfreda,1
Ali,1
Alia,1
Alica,1
Alice,1
Alicea,1
Alicia,1
Alida,1
Alidia,1
Alina,1
Aline,1
Alis,1
Alisa,1
Alisha,1
Alison,1
Alissa,1
Alisun,1
Alix,1
Aliza,1
Alla,1
Alleen,1
Allegra,1
Allene,1
Alli,1
Allianora,1
Allie,1
Allina,1
Allis,1
Allison,1
Allissa,1
Allsun,1
Ally,1
Allyce,1
Allyn,1
Allys,1
Allyson,1
Alma,1
Almeda,1
Almeria,1
Almeta,1
Almira,1
Almire,1
Aloise,1
Aloisia,1
Aloysia,1
Alpa,1
Alta,1
Althea,1
Alvera,1
Alvina,1
Alvinia,1
Alvira,1
Alyce,1
Alyda,1
Alys,1
Alysa,1
Alyse,1
Alysia,1
Alyson,1
Alyss,1
Alyssa,1
Amabel,1
Amabelle,1
Amalea,1
Amalee,1
Amaleta,1
Amalia,1
Amalie,1
Amalita,1
Amalle,1
Amanda,1
Amandi,1
Amandie,1
Amandy,1
Amara,1
Amargo,1
Amata,1
Amber,1
Amberly,1
Ambrosia,1
Ambur,1
Ame,1
Amelia,1
Amelie,1
Amelina,1
Ameline,1
Amelita,1
Ami,1
Amie,1
Amity,1
Ammamaria,1
Amy,1
Ana,1
Anabel,1
Anabella,1
Anabelle,1
Anais,1
Analiese,1
Analise,1
Anallese,1
Anallise,1
Anastasia,1
Anastasie,1
Anastassia,1
Anatola,1
Andee,1
Andi,1
Andie,1
Andra,1
Andrea,1
Andreana,1
Andree,1
Andrei,1
Andria,1
Andriana,1
Andriette,1
Andromache,1
Andromeda,1
Andy,1
Anestassia,1
Anet,1
Anett,1
Anetta,1
Anette,1
Ange,1
Angel,1
Angela,1
Angele,1
Angelia,1
Angelica,1
Angelika,1
Angelina,1
Angeline,1
Angelique,1
Angelita,1
Angelle,1
Angie,1
Angil,1
Angy,1
Ania,1
Anica,1
Anissa,1
Anita,1
Anitra,1
Anja,1
Anjanette,1
Anjela,1
Ann,1
Ann-Mari,1
Ann-Marie,1
Anna,1
Anna-Diana,1
Anna-Diane,1
Anna-Maria,1
Annabal,1
Annabel,1
Annabela,1
Annabell,1
Annabella,1
Annabelle,1
Annadiana,1
Annadiane,1
Annalee,1
Annalena,1
Annaliese,1
Annalisa,1
Annalise,1
Annalyse,1
Annamari,1
Annamaria,1
Annamarie,1
Anne,1
Anne-Corinne,1
Anne-Mar,1
Anne-Marie,1
Annecorinne,1
Anneliese,1
Annelise,1
Annemarie,1
Annetta,1
Annette,1
Anni,1
Annice,1
Annie,1
Annissa,1
Annmaria,1
Annmarie,1
Annnora,1
Annora,1
Anny,1
Anselma,1
Ansley,1
Anstice,1
Anthe,1
Anthea,1
Anthia,1
Antoinette,1
Antonella,1
Antonetta,1
Antonia,1
Antonie,1
Antonietta,1
Antonina,1
Anya,1
Aphrodite,1
Appolonia,1
April,1
Aprilette,1
Ara,1
Arabel,1
Arabela,1
Arabele,1
Arabella,1
Arabelle,1
Arda,1
Ardath,1
Ardeen,1
Ardelia,1
Ardelis,1
Ardella,1
Ardelle,1
Arden,1
Ardene,1
Ardenia,1
Ardine,1
Ardis,1
Ardith,1
Ardra,1
Ardyce,1
Ardys,1
Ardyth,1
Aretha,1
Ariadne,1
Ariana,1
Arianne,1
Aridatha,1
Ariel,1
Ariela,1
Ariella,1
Arielle,1
Arlana,1
Arlee,1
Arleen,1
Arlen,1
Arlena,1
Arlene,1
Arleta,1
Arlette,1
Arleyne,1
Arlie,1
Arliene,1
Arlina,1
Arlinda,1
Arline,1
Arly,1
Arlyn,1
Arlyne,1
Aryn,1
Ashely,1
Ashlee,1
Ashleigh,1
Ashlen,1
Ashley,1
Ashli,1
Ashlie,1
Ashly,1
Asia,1
Astra,1
Astrid,1
Astrix,1
Atalanta,1
Athena,1
Athene,1
Atlanta,1
Atlante,1
Auberta,1
Aubine,1
Aubree,1
Aubrette,1
Aubrey,1
Aubrie,1
Aubry,1
Audi,1
Audie,1
Audra,1
Audre,1
Audrey,1
Audrie,1
Audry,1
Audrye,1
Audy,1
Augusta,1
Auguste,1
Augustina,1
Augustine,1
Aura,1
Aurea,1
Aurel,1
Aurelea,1
Aurelia,1
Aurelie,1
Auria,1
Aurie,1
Aurilia,1
Aurlie,1
Auroora,1
Aurora,1
Aurore,1
Austin,1
Austina,1
Austine,1
Ava,1
Aveline,1
Averil,1
Averyl,1
Avie,1
Avis,1
Aviva,1
Avivah,1
Avril,1
Avrit,1
Ayn,1
Bab,1
Babara,1
Babette,1
Babita,1
Babs,1
Bambi,1
Bambie,1
Bamby,1
Barb,1
Barbabra,1
Barbara,1
Barbara-Anne,1
Barbaraanne,1
Barbe,1
Barbee,1
Barbette,1
Barbey,1
Barbi,1
Barbie,1
Barbra,1
Barby,1
Bari,1
Barrie,1
Barry,1
Basia,1
Bathsheba,1
Batsheva,1
Bea,1
Beatrice,1
Beatrisa,1
Beatrix,1
Beatriz,1
Beau,1
Bebe,1
Becca,1
Becka,1
Becki,1
Beckie,1
Becky,1
Bee,1
Beilul,1
Beitris,1
Bekki,1
Bel,1
Belia,1
Belicia,1
Belinda,1
Belita,1
Bell,1
Bella,1
Bellamy,1
Bellanca,1
Belle,1
Bellina,1
Belva,1
Belvia,1
Bendite,1
Benedetta,1
Benedicta,1
Benedikta,1
Benetta,1
Benita,1
Benni,1
Bennie,1
Benny,1
Benoite,1
Berenice,1
Beret,1
Berget,1
Berna,1
Bernadene,1
Bernadette,1
Bernadina,1
Bernadine,1
Bernardina,1
Bernardine,1
Bernelle,1
Bernete,1
Bernetta,1
Bernette,1
Berni,1
Bernice,1
Bernie,1
Bernita,1
Berny,1
Berri,1
Berrie,1
Berry,1
Bert,1
Berta,1
Berte,1
Bertha,1
Berthe,1
Berti,1
Bertie,1
Bertina,1
Bertine,1
Berty,1
Beryl,1
Beryle,1
Bess,1
Bessie,1
Bessy,1
Beth,1
Bethanne,1
Bethany,1
Bethena,1
Bethina,1
Betsey,1
Betsy,1
Betta,1
Bette,1
Bette-Ann,1
Betteann,1
Betteanne,1
Betti,1
Bettie,1
Bettina,1
Bettine,1
Betty,1
Bettye,1
Beulah,1
Bev,1
Beverie,1
Beverlee,1
Beverlie,1
Beverly,1
Bevvy,1
Bianca,1
Bianka,1
Biddy,1
Bidget,1
Bill,1
Billi,1
Billie,1
Billy,1
Binni,1
Binnie,1
Binny,1
Bird,1
Birdie,1
Birgit,1
Birgitta,1
Blair,1
Blaire,1
Blake,1
Blakelee,1
Blakeley,1
Blanca,1
Blanch,1
Blancha,1
Blanche,1
Blinni,1
Blinnie,1
Blinny,1
Bliss,1
Blisse,1
Blithe,1
Blondell,1
Blondelle,1
Blondie,1
Blondy,1
Blythe,1
Bo,1
Bobbette,1
Bobbi,1
Bobbie,1
Bobby,1
Bobette,1
Bobina,1
Bobine,1
Bobinette,1
Bonita,1
Bonnee,1
Bonni,1
Bonnie,1
Bonny,1
Brana,1
Brandais,1
Brande,1
Brandea,1
Brandi,1
Brandice,1
Brandie,1
Brandise,1
Brandy,1
Brea,1
Breanne,1
Brear,1
Bree,1
Breena,1
Bren,1
Brena,1
Brenda,1
Brenn,1
Brenna,1
Brett,1
Bria,1
Briana,1
Brianna,1
Brianne,1
Bride,1
Bridget,1
Bridgett,1
Bridgette,1
Bridie,1
Brier,1
Brietta,1
Brigid,1
Brigida,1
Brigit,1
Brigitta,1
Brigitte,1
Brina,1
Briney,1
Briny,1
Brit,1
Brita,1
Britaney,1
Britani,1
Briteny,1
Britney,1
Britni,1
Britt,1
Britta,1
Brittan,1
Brittany,1
Britte,1
Brittney,1
Brook,1
Brooke,1
Brooks,1
Brunella,1
Brunhilda,1
Brunhilde,1
Bryana,1
Bryn,1
Bryna,1
Brynn,1
Brynna,1
Brynne,1
Buffy,1
Bunni,1
Bunnie,1
Bunny,1
Burta,1
Cabrina,1
Cacilia,1
Cacilie,1
Caitlin,1
Caitrin,1
Cal,1
Calida,1
Calla,1
Calley,1
Calli,1
Callida,1
Callie,1
Cally,1
Calypso,1
Cam,1
Camala,1
Camel,1
Camella,1
Camellia,1
Cameo,1
Cami,1
Camila,1
Camile,1
Camilla,1
Camille,1
Cammi,1
Cammie,1
Cammy,1
Canada,1
Candace,1
Candi,1
Candice,1
Candida,1
Candide,1
Candie,1
Candis,1
Candra,1
Candy,1
Cappella,1
Caprice,1
Cara,1
Caralie,1
Caren,1
Carena,1
Caresa,1
Caressa,1
Caresse,1
Carey,1
Cari,1
Caria,1
Carie,1
Caril,1
Carilyn,1
Carin,1
Carina,1
Carine,1
Cariotta,1
Carissa,1
Carita,1
Caritta,1
Carla,1
Carlee,1
Carleen,1
Carlen,1
Carlena,1
Carlene,1
Carley,1
Carli,1
Carlie,1
Carlin,1
Carlina,1
Carline,1
Carlisle,1
Carlita,1
Carlota,1
Carlotta,1
Carly,1
Carlye,1
Carlyn,1
Carlynn,1
Carlynne,1
Carma,1
Carmel,1
Carmela,1
Carmelia,1
Carmelina,1
Carmelita,1
Carmella,1
Carmelle,1
Carmen,1
Carmina,1
Carmine,1
Carmita,1
Carmon,1
Caro,1
Carol,1
Carol-Jean,1
Carola,1
Carolan,1
Carolann,1
Carole,1
Carolee,1
Caroleen,1
Carolie,1
Carolin,1
Carolina,1
Caroline,1
Caroljean,1
Carolyn,1
Carolyne,1
Carolynn,1
Caron,1
Carree,1
Carri,1
Carrie,1
Carrissa,1
Carrol,1
Carroll,1
Carry,1
Cary,1
Caryl,1
Caryn,1
Casandra,1
Casey,1
Casi,1
Casia,1
Casie,1
Cass,1
Cassandra,1
Cassandre,1
Cassandry,1
Cassaundra,1
Cassey,1
Cassi,1
Cassie,1
Cassondra,1
Cassy,1
Cat,1
Catarina,1
Cate,1
Caterina,1
Catha,1
Catharina,1
Catharine,1
Cathe,1
Cathee,1
Catherin,1
Catherina,1
Catherine,1
Cathi,1
Cathie,1
Cathleen,1
Cathlene,1
Cathrin,1
Cathrine,1
Cathryn,1
Cathy,1
Cathyleen,1
Cati,1
Catie,1
Catina,1
Catlaina,1
Catlee,1
Catlin,1
Catrina,1
Catriona,1
Caty,1
Cayla,1
Cecelia,1
Cecil,1
Cecile,1
Ceciley,1
Cecilia,1
Cecilla,1
Cecily,1
Ceil,1
Cele,1
Celene,1
Celesta,1
Celeste,1
Celestia,1
Celestina,1
Celestine,1
Celestyn,1
Celestyna,1
Celia,1
Celie,1
Celina,1
Celinda,1
Celine,1
Celinka,1
Celisse,1
Celle,1
Cesya,1
Chad,1
Chanda,1
Chandal,1
Chandra,1
Channa,1
Chantal,1
Chantalle,1
Charil,1
Charin,1
Charis,1
Charissa,1
Charisse,1
Charita,1
Charity,1
Charla,1
Charlean,1
Charleen,1
Charlena,1
Charlene,1
Charline,1
Charlot,1
Charlott,1
Charlotta,1
Charlotte,1
Charmain,1
Charmaine,1
Charmane,1
Charmian,1
Charmine,1
Charmion,1
Charo,1
Charyl,1
Chastity,1
Chelsae,1
Chelsea,1
Chelsey,1
Chelsie,1
Chelsy,1
Cher,1
Chere,1
Cherey,1
Cheri,1
Cherianne,1
Cherice,1
Cherida,1
Cherie,1
Cherilyn,1
Cherilynn,1
Cherin,1
Cherise,1
Cherish,1
Cherlyn,1
Cherri,1
Cherrita,1
Cherry,1
Chery,1
Cherye,1
Cheryl,1
Cheslie,1
Chiarra,1
Chickie,1
Chicky,1
Chiquita,1
Chloe,1
Chloette,1
Chloris,1
Chris,1
Chriss,1
Chrissa,1
Chrissie,1
Chrissy,1
Christa,1
Christabel,1
Christabella,1
Christabelle,1
Christal,1
Christalle,1
Christan,1
Christean,1
Christel,1
Christen,1
Christi,1
Christian,1
Christiana,1
Christiane,1
Christie,1
Christin,1
Christina,1
Christine,1
Christy,1
Christyna,1
Chrysa,1
Chrysler,1
Chrystal,1
Chryste,1
Chrystel,1
Ciara,1
Cicely,1
Cicily,1
Ciel,1
Cilka,1
Cinda,1
Cindee,1
Cindelyn,1
Cinderella,1
Cindi,1
Cindie,1
Cindra,1
Cindy,1
Cinnamon,1
Cissie,1
Cissy,1
Clair,1
Claire,1
Clara,1
Clarabelle,1
Clare,1
Claresta,1
Clareta,1
Claretta,1
Clarette,1
Clarey,1
Clari,1
Claribel,1
Clarice,1
Clarie,1
Clarinda,1
Clarine,1
Clarisa,1
Clarissa,1
Clarisse,1
Clarita,1
Clary,1
Claude,1
Claudelle,1
Claudetta,1
Claudette,1
Claudia,1
Claudie,1
Claudina,1
Claudine,1
Clea,1
Clem,1
Clemence,1
Clementia,1
Clementina,1
Clementine,1
Clemmie,1
Clemmy,1
Cleo,1
Cleopatra,1
Clerissa,1
Cleva,1
Clio,1
Clo,1
Cloe,1
Cloris,1
Clotilda,1
Clovis,1
Codee,1
Codi,1
Codie,1
Cody,1
Coleen,1
Colene,1
Coletta,1
Colette,1
Colleen,1
Collete,1
Collette,1
Collie,1
Colline,1
Colly,1
Con,1
Concettina,1
Conchita,1
Concordia,1
Conney,1
Conni,1
Connie,1
Conny,1
Consolata,1
Constance,1
Constancia,1
Constancy,1
Constanta,1
Constantia,1
Constantina,1
Constantine,1
Consuela,1
Consuelo,1
Cookie,1
Cora,1
Corabel,1
Corabella,1
Corabelle,1
Coral,1
Coralie,1
Coraline,1
Coralyn,1
Cordelia,1
Cordelie,1
Cordey,1
Cordie,1
Cordula,1
Cordy,1
Coreen,1
Corella,1
Corena,1
Corenda,1
Corene,1
Coretta,1
Corette,1
Corey,1
Cori,1
Corie,1
Corilla,1
Corina,1
Corine,1
Corinna,1
Corinne,1
Coriss,1
Corissa,1
Corliss,1
Corly,1
Cornela,1
Cornelia,1
Cornelle,1
Cornie,1
Corny,1
Correna,1
Correy,1
Corri,1
Corrianne,1
Corrie,1
Corrina,1
Corrine,1
Corrinne,1
Corry,1
Cortney,1
Cory,1
Cosetta,1
Cosette,1
Courtenay,1
Courtney,1
Cresa,1
Cris,1
Crissie,1
Crissy,1
Crista,1
Cristabel,1
Cristal,1
Cristen,1
Cristi,1
Cristie,1
Cristin,1
Cristina,1
Cristine,1
Cristionna,1
Cristy,1
Crysta,1
Crystal,1
Crystie,1
Cyb,1
Cybal,1
Cybel,1
Cybelle,1
Cybil,1
Cybill,1
Cyndi,1
Cyndy,1
Cynthea,1
Cynthia,1
Cynthie,1
Cynthy,1
Dacey,1
Dacia,1
Dacie,1
Dacy,1
Dael,1
Daffi,1
Daffie,1
Daffy,1
Dafna,1
Dagmar,1
Dahlia,1
Daile,1
Daisey,1
Daisi,1
Daisie,1
Daisy,1
Dale,1
Dalenna,1
Dalia,1
Dalila,1
Dallas,1
Daloris,1
Damara,1
Damaris,1
Damita,1
Dana,1
Danell,1
Danella,1
Danelle,1
Danette,1
Dani,1
Dania,1
Danica,1
Danice,1
Daniel,1
Daniela,1
Daniele,1
Daniella,1
Danielle,1
Danika,1
Danila,1
Danit,1
Danita,1
Danna,1
Danni,1
Dannie,1
Danny,1
Dannye,1
Danya,1
Danyelle,1
Danyette,1
Daphene,1
Daphna,1
Daphne,1
Dara,1
Darb,1
Darbie,1
Darby,1
Darcee,1
Darcey,1
Darci,1
Darcie,1
Darcy,1
Darda,1
Dareen,1
Darell,1
Darelle,1
Dari,1
Daria,1
Darice,1
Darla,1
Darleen,1
Darlene,1
Darline,1
Darryl,1
Darsey,1
Darsie,1
Darya,1
Daryl,1
Daryn,1
Dasha,1
Dasi,1
Dasie,1
Dasya,1
Datha,1
Daune,1
Daveen,1
Daveta,1
Davida,1
Davina,1
Davine,1
Davita,1
Dawn,1
Dawna,1
Dayle,1
Dayna,1
Dea,1
Deana,1
Deane,1
Deanna,1
Deanne,1
Deb,1
Debbi,1
Debbie,1
Debbra,1
Debby,1
Debee,1
Debera,1
Debi,1
Debor,1
Debora,1
Deborah,1
Debra,1
Dede,1
Dedie,1
Dedra,1
Dee,1
Dee Dee,1
Deeann,1
Deeanne,1
Deedee,1
Deena,1
Deerdre,1
Dehlia,1
Deidre,1
Deina,1
Deirdre,1
Del,1
Dela,1
Delaney,1
Delcina,1
Delcine,1
Delia,1
Delila,1
Delilah,1
Delinda,1
Dell,1
Della,1
Delly,1
Delora,1
Delores,1
Deloria,1
Deloris,1
Delphina,1
Delphine,1
Delphinia,1
Demeter,1
Demetra,1
Demetria,1
Demetris,1
Dena,1
Deni,1
Denice,1
Denise,1
Denna,1
Denni,1
Dennie,1
Denny,1
Deny,1
Denys,1
Denyse,1
Deonne,1
Desaree,1
Desdemona,1
Desirae,1
Desiree,1
Desiri,1
Deva,1
Devan,1
Devi,1
Devin,1
Devina,1
Devinne,1
Devon,1
Devondra,1
Devonna,1
Devonne,1
Devora,1
Dew,1
Di,1
Diahann,1
Diamond,1
Dian,1
Diana,1
Diandra,1
Diane,1
Diane-Marie,1
Dianemarie,1
Diann,1
Dianna,1
Dianne,1
Diannne,1
Didi,1
Dido,1
Diena,1
Dierdre,1
Dina,1
Dinah,1
Dinnie,1
Dinny,1
Dion,1
Dione,1
Dionis,1
Dionne,1
Dita,1
Dix,1
Dixie,1
Dode,1
Dodi,1
Dodie,1
Dody,1
Doe,1
Doll,1
Dolley,1
Dolli,1
Dollie,1
Dolly,1
Dolora,1
Dolores,1
Dolorita,1
Doloritas,1
Dominica,1
Dominique,1
Dona,1
Donella,1
Donelle,1
Donetta,1
Donia,1
Donica,1
Donielle,1
Donna,1
Donnajean,1
Donnamarie,1
Donni,1
Donnie,1
Donny,1
Dora,1
Doralia,1
Doralin,1
Doralyn,1
Doralynn,1
Doralynne,1
Dorcas,1
Dore,1
Doreen,1
Dorelia,1
Dorella,1
Dorelle,1
Dorena,1
Dorene,1
Doretta,1
Dorette,1
Dorey,1
Dori,1
Doria,1
Dorian,1
Dorice,1
Dorie,1
Dorine,1
Doris,1
Dorisa,1
Dorise,1
Dorit,1
Dorita,1
Doro,1
Dorolice,1
Dorolisa,1
Dorotea,1
Doroteya,1
Dorothea,1
Dorothee,1
Dorothy,1
Dorree,1
Dorri,1
Dorrie,1
Dorris,1
Dorry,1
Dorthea,1
Dorthy,1
Dory,1
Dosi,1
Dot,1
Doti,1
Dotti,1
Dottie,1
Dotty,1
Dove,1
Drea,1
Drew,1
Dulce,1
Dulcea,1
Dulci,1
Dulcia,1
Dulciana,1
Dulcie,1
Dulcine,1
Dulcinea,1
Dulcy,1
Dulsea,1
Dusty,1
Dyan,1
Dyana,1
Dyane,1
Dyann,1
Dyanna,1
Dyanne,1
Dyna,1
Dynah,1
E'Lane,1
Eada,1
Eadie,1
Eadith,1
Ealasaid,1
Eartha,1
Easter,1
Eba,1
Ebba,1
Ebonee,1
Ebony,1
Eda,1
Eddi,1
Eddie,1
Eddy,1
Ede,1
Edee,1
Edeline,1
Eden,1
Edi,1
Edie,1
Edin,1
Edita,1
Edith,1
Editha,1
Edithe,1
Ediva,1
Edna,1
Edwina,1
Edy,1
Edyth,1
Edythe,1
Effie,1
Eileen,1
Eilis,1
Eimile,1
Eirena,1
Ekaterina,1
Elaina,1
Elaine,1
Elana,1
Elane,1
Elayne,1
Elberta,1
Elbertina,1
Elbertine,1
Eleanor,1
Eleanora,1
Eleanore,1
Electra,1
Elena,1
Elene,1
Eleni,1
Elenore,1
Eleonora,1
Eleonore,1
Elfie,1
Elfreda,1
Elfrida,1
Elfrieda,1
Elga,1
Elianora,1
Elianore,1
Elicia,1
Elie,1
Elinor,1
Elinore,1
Elisa,1
Elisabet,1
Elisabeth,1
Elisabetta,1
Elise,1
Elisha,1
Elissa,1
Elita,1
Eliza,1
Elizabet,1
Elizabeth,1
Elka,1
Elke,1
Ella,1
Elladine,1
Elle,1
Ellen,1
Ellene,1
Ellette,1
Elli,1
Ellie,1
Ellissa,1
Elly,1
Ellyn,1
Ellynn,1
Elmira,1
Elna,1
Elnora,1
Elnore,1
Eloisa,1
Eloise,1
Elonore,1
Elora,1
Elsa,1
Elsbeth,1
Else,1
Elsey,1
Elsi,1
Elsie,1
Elsinore,1
Elspeth,1
Elsy,1
Elva,1
Elvera,1
Elvina,1
Elvira,1
Elwina,1
Elwira,1
Elyn,1
Elyse,1
Elysee,1
Elysha,1
Elysia,1
Elyssa,1
Em,1
Ema,1
Emalee,1
Emalia,1
Emanuela,1
Emelda,1
Emelia,1
Emelina,1
Emeline,1
Emelita,1
Emelyne,1
Emera,1
Emilee,1
Emili,1
Emilia,1
Emilie,1
Emiline,1
Emily,1
Emlyn,1
Emlynn,1
Emlynne,1
Emma,1
Emmalee,1
Emmaline,1
Emmalyn,1
Emmalynn,1
Emmalynne,1
Emmeline,1
Emmey,1
Emmi,1
Emmie,1
Emmy,1
Emmye,1
Emogene,1
Emyle,1
Emylee,1
Endora,1
Engracia,1
Enid,1
Enrica,1
Enrichetta,1
Enrika,1
Enriqueta,1
Enya,1
Eolanda,1
Eolande,1
Eran,1
Erda,1
Erena,1
Erica,1
Ericha,1
Ericka,1
Erika,1
Erin,1
Erina,1
Erinn,1
Erinna,1
Erma,1
Ermengarde,1
Ermentrude,1
Ermina,1
Erminia,1
Erminie,1
Erna,1
Ernaline,1
Ernesta,1
Ernestine,1
Ertha,1
Eryn,1
Esma,1
Esmaria,1
Esme,1
Esmeralda,1
Esmerelda,1
Essa,1
Essie,1
Essy,1
Esta,1
Estel,1
Estele,1
Estell,1
Estella,1
Estelle,1
Ester,1
Esther,1
Estrella,1
Estrellita,1
Ethel,1
Ethelda,1
Ethelin,1
Ethelind,1
Etheline,1
Ethelyn,1
Ethyl,1
Etta,1
Etti,1
Ettie,1
Etty,1
Eudora,1
Eugenia,1
Eugenie,1
Eugine,1
Eula,1
Eulalie,1
Eunice,1
Euphemia,1
Eustacia,1
Eva,1
Evaleen,1
Evangelia,1
Evangelin,1
Evangelina,1
Evangeline,1
Evania,1
Evanne,1
Eve,1
Eveleen,1
Evelina,1
Eveline,1
Evelyn,1
Evette,1
Evey,1
Evie,1
Evita,1
Evonne,1
Evvie,1
Evvy,1
Evy,1
Eyde,1
Eydie,1
Fabrianne,1
Fabrice,1
Fae,1
Faina,1
Faith,1
Fallon,1
Fan,1
Fanchette,1
Fanchon,1
Fancie,1
Fancy,1
Fanechka,1
Fania,1
Fanni,1
Fannie,1
Fanny,1
Fanya,1
Fara,1
Farah,1
Farand,1
Farica,1
Farra,1
Farrah,1
Farrand,1
Fatima,1
Faun,1
Faunie,1
Faustina,1
Faustine,1
Fawn,1
Fawna,1
Fawne,1
Fawnia,1
Fay,1
Faydra,1
Faye,1
Fayette,1
Fayina,1
Fayre,1
Fayth,1
Faythe,1
Federica,1
Fedora,1
Felecia,1
Felicdad,1
Felice,1
Felicia,1
Felicity,1
Felicle,1
Felipa,1
Felisha,1
Felita,1
Feliza,1
Fenelia,1
Feodora,1
Ferdinanda,1
Ferdinande,1
Fern,1
Fernanda,1
Fernande,1
Fernandina,1
Ferne,1
Fey,1
Fiann,1
Fianna,1
Fidela,1
Fidelia,1
Fidelity,1
Fifi,1
Fifine,1
Filia,1
Filide,1
Filippa,1
Fina,1
Fiona,1
Fionna,1
Fionnula,1
Fiorenze,1
Fleur,1
Fleurette,1
Flo,1
Flor,1
Flora,1
Florance,1
Flore,1
Florella,1
Florence,1
Florencia,1
Florentia,1
Florenza,1
Florette,1
Flori,1
Floria,1
Florice,1
Florida,1
Florie,1
Florina,1
Florinda,1
Floris,1
Florri,1
Florrie,1
Florry,1
Flory,1
Flossi,1
Flossie,1
Flossy,1
Flower,1
Fortuna,1
Fortune,1
Fran,1
France,1
Francene,1
Frances,1
Francesca,1
Francesmary,1
Francine,1
Francis,1
Francisca,1
Franciska,1
Francoise,1
Francyne,1
Frank,1
Frankie,1
Franky,1
Franni,1
Frannie,1
Franny,1
Frayda,1
Fred,1
Freda,1
Freddi,1
Freddie,1
Freddy,1
Fredelia,1
Frederica,1
Fredericka,1
Fredi,1
Fredia,1
Fredra,1
Fredrika,1
Freida,1
Frieda,1
Friederike,1
Fulvia,1
Gabbey,1
Gabbi,1
Gabbie,1
Gabey,1
Gabi,1
Gabie,1
Gabriel,1
Gabriela,1
Gabriell,1
Gabriella,1
Gabrielle,1
Gabriellia,1
Gabrila,1
Gaby,1
Gae,1
Gael,1
Gail,1
Gale,1
Gale,1
Galina,1
Garland,1
Garnet,1
Garnette,1
Gates,1
Gavra,1
Gavrielle,1
Gay,1
Gayla,1
Gayle,1
Gayleen,1
Gaylene,1
Gaynor,1
Gelya,1
Gen,1
Gena,1
Gene,1
Geneva,1
Genevieve,1
Genevra,1
Genia,1
Genna,1
Genni,1
Gennie,1
Gennifer,1
Genny,1
Genovera,1
Genvieve,1
George,1
Georgeanna,1
Georgeanne,1
Georgena,1
Georgeta,1
Georgetta,1
Georgette,1
Georgia,1
Georgiamay,1
Georgiana,1
Georgianna,1
Georgianne,1
Georgie,1
Georgina,1
Georgine,1
Gera,1
Geralda,1
Geraldina,1
Geraldine,1
Gerda,1
Gerhardine,1
Geri,1
Gerianna,1
Gerianne,1
Gerladina,1
Germain,1
Germaine,1
Germana,1
Gerri,1
Gerrie,1
Gerrilee,1
Gerry,1
Gert,1
Gerta,1
Gerti,1
Gertie,1
Gertrud,1
Gertruda,1
Gertrude,1
Gertrudis,1
Gerty,1
Giacinta,1
Giana,1
Gianina,1
Gianna,1
Gigi,1
Gilberta,1
Gilberte,1
Gilbertina,1
Gilbertine,1
Gilda,1
Gill,1
Gillan,1
Gilli,1
Gillian,1
Gillie,1
Gilligan,1
Gilly,1
Gina,1
Ginelle,1
Ginevra,1
Ginger,1
Ginni,1
Ginnie,1
Ginnifer,1
Ginny,1
Giorgia,1
Giovanna,1
Gipsy,1
Giralda,1
Gisela,1
Gisele,1
Gisella,1
Giselle,1
Gizela,1
Glad,1
Gladi,1
Gladis,1
Gladys,1
Gleda,1
Glen,1
Glenda,1
Glenine,1
Glenn,1
Glenna,1
Glennie,1
Glennis,1
Glori,1
Gloria,1
Gloriana,1
Gloriane,1
Glorianna,1
Glory,1
Glyn,1
Glynda,1
Glynis,1
Glynnis,1
Godiva,1
Golda,1
Goldarina,1
Goldi,1
Goldia,1
Goldie,1
Goldina,1
Goldy,1
Grace,1
Gracia,1
Gracie,1
Grata,1
Gratia,1
Gratiana,1
Gray,1
Grayce,1
Grazia,1
Gredel,1
Greer,1
Greta,1
Gretal,1
Gretchen,1
Grete,1
Gretel,1
Grethel,1
Gretna,1
Gretta,1
Grier,1
Griselda,1
Grissel,1
Guendolen,1
Guenevere,1
Guenna,1
Guglielma,1
Gui,1
Guillema,1
Guillemette,1
Guinevere,1
Guinna,1
Gunilla,1
Gunvor,1
Gus,1
Gusella,1
Gussi,1
Gussie,1
Gussy,1
Gusta,1
Gusti,1
Gustie,1
Gusty,1
Gwen,1
Gwendolen,1
Gwendolin,1
Gwendolyn,1
Gweneth,1
Gwenette,1
Gwenn,1
Gwenneth,1
Gwenni,1
Gwennie,1
Gwenny,1
Gwenora,1
Gwenore,1
Gwyn,1
Gwyneth,1
Gwynne,1
Gypsy,1
Hadria,1
Hailee,1
Haily,1
Haleigh,1
Halette,1
Haley,1
Hali,1
Halie,1
Halimeda,1
Halley,1
Halli,1
Hallie,1
Hally,1
Hana,1
Hanna,1
Hannah,1
Hanni,1
Hannibal,1
Hannie,1
Hannis,1
Hanny,1
Happy,1
Harlene,1
Harley,1
Harli,1
Harlie,1
Harmonia,1
Harmonie,1
Harmony,1
Harri,1
Harrie,1
Harriet,1
Harriett,1
Harrietta,1
Harriette,1
Harriot,1
Harriott,1
Hatti,1
Hattie,1
Hatty,1
Havivah,1
Hayley,1
Hazel,1
Heath,1
Heather,1
Heda,1
Hedda,1
Heddi,1
Heddie,1
Hedi,1
Hedvig,1
Hedwig,1
Hedy,1
Heida,1
Heide,1
Heidi,1
Heidie,1
Helaina,1
Helaine,1
Helen,1
Helen-Elizabeth,1
Helena,1
Helene,1
Helga,1
Helge,1
Helise,1
Hellene,1
Helli,1
Heloise,1
Helsa,1
Helyn,1
Hendrika,1
Henka,1
Henrie,1
Henrieta,1
Henrietta,1
Henriette,1
Henryetta,1
Hephzibah,1
Hermia,1
Hermina,1
Hermine,1
Herminia,1
Hermione,1
Herta,1
Hertha,1
Hester,1
Hesther,1
Hestia,1
Hetti,1
Hettie,1
Hetty,1
Hilarie,1
Hilary,1
Hilda,1
Hildagard,1
Hildagarde,1
Hilde,1
Hildegaard,1
Hildegarde,1
Hildy,1
Hillary,1
Hilliary,1
Hinda,1
Holley,1
Holli,1
Hollie,1
Holly,1
Holly-Anne,1
Hollyanne,1
Honey,1
Honor,1
Honoria,1
Hope,1
Horatia,1
Hortense,1
Hortensia,1
Hulda,1
Hyacinth,1
Hyacintha,1
Hyacinthe,1
Hyacinthia,1
Hyacinthie,1
Hynda,1
Ianthe,1
Ibbie,1
Ibby,1
Ida,1
Idalia,1
Idalina,1
Idaline,1
Idell,1
Idelle,1
Idette,1
Ike,1
Ikey,1
Ilana,1
Ileana,1
Ileane,1
Ilene,1
Ilise,1
Ilka,1
Illa,1
Ilona,1
Ilsa,1
Ilse,1
Ilysa,1
Ilyse,1
Ilyssa,1
Imelda,1
Imogen,1
Imogene,1
Imojean,1
Ina,1
Inci,1
Indira,1
Ines,1
Inesita,1
Inessa,1
Inez,1
Inga,1
Ingaberg,1
Ingaborg,1
Inge,1
Ingeberg,1
Ingeborg,1
Inger,1
Ingrid,1
Ingunna,1
Inna,1
Ioana,1
Iolande,1
Iolanthe,1
Iona,1
Iormina,1
Ira,1
Irena,1
Irene,1
Irina,1
Iris,1
Irita,1
Irma,1
Isa,1
Isabeau,1
Isabel,1
Isabelita,1
Isabella,1
Isabelle,1
Isador,1
Isadora,1
Isadore,1
Isahella,1
Iseabal,1
Isidora,1
Isis,1
Isobel,1
Issi,1
Issie,1
Issy,1
Ivett,1
Ivette,1
Ivie,1
Ivonne,1
Ivory,1
Ivy,1
Izabel,1
Izzi,1
Jacenta,1
Jacinda,1
Jacinta,1
Jacintha,1
Jacinthe,1
Jackelyn,1
Jacki,1
Jackie,1
Jacklin,1
Jacklyn,1
Jackquelin,1
Jackqueline,1
Jacky,1
Jaclin,1
Jaclyn,1
Jacquelin,1
Jacqueline,1
Jacquelyn,1
Jacquelynn,1
Jacquenetta,1
Jacquenette,1
Jacquetta,1
Jacquette,1
Jacqui,1
Jacquie,1
Jacynth,1
Jada,1
Jade,1
Jaime,1
Jaimie,1
Jaine,1
Jaleh,1
Jami,1
Jamie,1
Jamima,1
Jammie,1
Jan,1
Jana,1
Janaya,1
Janaye,1
Jandy,1
Jane,1
Janean,1
Janeczka,1
Janeen,1
Janel,1
Janela,1
Janella,1
Janelle,1
Janene,1
Janenna,1
Janessa,1
Janet,1
Janeta,1
Janetta,1
Janette,1
Janeva,1
Janey,1
Jania,1
Janice,1
Janie,1
Janifer,1
Janina,1
Janine,1
Janis,1
Janith,1
Janka,1
Janna,1
Jannel,1
Jannelle,1
Janot,1
Jany,1
Jaquelin,1
Jaquelyn,1
Jaquenetta,1
Jaquenette,1
Jaquith,1
Jasmin,1
Jasmina,1
Jasmine,1
Jayme,1
Jaymee,1
Jayne,1
Jaynell,1
Jazmin,1
Jean,1
Jeana,1
Jeane,1
Jeanelle,1
Jeanette,1
Jeanie,1
Jeanine,1
Jeanna,1
Jeanne,1
Jeannette,1
Jeannie,1
Jeannine,1
Jehanna,1
Jelene,1
Jemie,1
Jemima,1
Jemimah,1
Jemmie,1
Jemmy,1
Jen,1
Jena,1
Jenda,1
Jenelle,1
Jenette,1
Jeni,1
Jenica,1
Jeniece,1
Jenifer,1
Jeniffer,1
Jenilee,1
Jenine,1
Jenn,1
Jenna,1
Jennee,1
Jennette,1
Jenni,1
Jennica,1
Jennie,1
Jennifer,1
Jennilee,1
Jennine,1
Jenny,1
Jeraldine,1
Jeralee,1
Jere,1
Jeri,1
Jermaine,1
Jerrie,1
Jerrilee,1
Jerrilyn,1
Jerrine,1
Jerry,1
Jerrylee,1
Jess,1
Jessa,1
Jessalin,1
Jessalyn,1
Jessamine,1
Jessamyn,1
Jesse,1
Jesselyn,1
Jessi,1
Jessica,1
Jessie,1
Jessika,1
Jessy,1
Jewel,1
Jewell,1
Jewelle,1
Jill,1
Jillana,1
Jillane,1
Jillayne,1
Jilleen,1
Jillene,1
Jilli,1
Jillian,1
Jillie,1
Jilly,1
Jinny,1
Jo,1
Jo Ann,1
Jo-Ann,1
Jo-Anne,1
JoAnn,1
JoAnne,1
Joan,1
Joana,1
Joane,1
Joanie,1
Joann,1
Joanna,1
Joanne,1
Joannes,1
Jobey,1
Jobi,1
Jobie,1
Jobina,1
Joby,1
Jobye,1
Jobyna,1
Jocelin,1
Joceline,1
Jocelyn,1
Jocelyne,1
Jodee,1
Jodi,1
Jodie,1
Jody,1
Joela,1
Joelie,1
Joell,1
Joella,1
Joelle,1
Joellen,1
Joelly,1
Joellyn,1
Joelynn,1
Joete,1
Joey,1
Johanna,1
Johannah,1
Johnette,1
Johnna,1
Joice,1
Jojo,1
Jolee,1
Joleen,1
Jolene,1
Joletta,1
Joli,1
Jolie,1
Joline,1
Joly,1
Jolyn,1
Jolynn,1
Jonell,1
Joni,1
Jonie,1
Jonis,1
Jordain,1
Jordan,1
Jordana,1
Jordanna,1
Jorey,1
Jori,1
Jorie,1
Jorrie,1
Jorry,1
Joscelin,1
Josee,1
Josefa,1
Josefina,1
Joselyn,1
Josepha,1
Josephina,1
Josephine,1
Josey,1
Josi,1
Josie,1
Joslyn,1
Josselyn,1
Josy,1
Jourdan,1
Joy,1
Joya,1
Joyan,1
Joyann,1
Joyce,1
Joycelin,1
Joye,1
Joyous,1
Juana,1
Juanita,1
Jude,1
Judi,1
Judie,1
Judith,1
Juditha,1
Judy,1
Judye,1
Julee,1
Juli,1
Julia,1
Juliana,1
Juliane,1
Juliann,1
Julianna,1
Julianne,1
Julie,1
Julienne,1
Juliet,1
Julieta,1
Julietta,1
Juliette,1
Julina,1
Juline,1
Julissa,1
Julita,1
June,1
Junette,1
Junia,1
Junie,1
Junina,1
Justin,1
Justina,1
Justine,1
Jyoti,1
Kacey,1
Kacie,1
Kacy,1
Kai,1
Kaia,1
Kaila,1
Kaile,1
Kailey,1
Kaitlin,1
Kaitlyn,1
Kaitlynn,1
Kaja,1
Kakalina,1
Kala,1
Kaleena,1
Kali,1
Kalie,1
Kalila,1
Kalina,1
Kalinda,1
Kalindi,1
Kalli,1
Kally,1
Kameko,1
Kamila,1
Kamilah,1
Kamillah,1
Kandace,1
Kandy,1
Kania,1
Kanya,1
Kara,1
Kara-Lynn,1
Karalee,1
Karalynn,1
Kare,1
Karee,1
Karel,1
Karen,1
Karena,1
Kari,1
Karia,1
Karie,1
Karil,1
Karilynn,1
Karin,1
Karina,1
Karine,1
Kariotta,1
Karisa,1
Karissa,1
Karita,1
Karla,1
Karlee,1
Karleen,1
Karlen,1
Karlene,1
Karlie,1
Karlotta,1
Karlotte,1
Karly,1
Karlyn,1
Karmen,1
Karna,1
Karol,1
Karola,1
Karole,1
Karolina,1
Karoline,1
Karoly,1
Karon,1
Karrah,1
Karrie,1
Karry,1
Kary,1
Karyl,1
Karylin,1
Karyn,1
Kasey,1
Kass,1
Kassandra,1
Kassey,1
Kassi,1
Kassia,1
Kassie,1
Kaster,1
Kat,1
Kata,1
Katalin,1
Kate,1
Katee,1
Katerina,1
Katerine,1
Katey,1
Kath,1
Katha,1
Katharina,1
Katharine,1
Katharyn,1
Kathe,1
Katheleen,1
Katherina,1
Katherine,1
Katheryn,1
Kathi,1
Kathie,1
Kathleen,1
Kathlene,1
Kathlin,1
Kathrine,1
Kathryn,1
Kathryne,1
Kathy,1
Kathye,1
Kati,1
Katie,1
Katina,1
Katine,1
Katinka,1
Katleen,1
Katlin,1
Katrina,1
Katrine,1
Katrinka,1
Katti,1
Kattie,1
Katuscha,1
Katusha,1
Katy,1
Katya,1
Kay,1
Kaycee,1
Kaye,1
Kayla,1
Kayle,1
Kaylee,1
Kayley,1
Kaylil,1
Kaylyn,1
Kee,1
Keeley,1
Keelia,1
Keely,1
Kelcey,1
Kelci,1
Kelcie,1
Kelcy,1
Kelila,1
Kellen,1
Kelley,1
Kelli,1
Kellia,1
Kellie,1
Kellina,1
Kellsie,1
Kelly,1
Kellyann,1
Kelsey,1
Kelsi,1
Kelsy,1
Kendra,1
Kendre,1
Kenna,1
Keren,1
Keri,1
Keriann,1
Kerianne,1
Kerri,1
Kerrie,1
Kerrill,1
Kerrin,1
Kerry,1
Kerstin,1
Kesley,1
Keslie,1
Kessia,1
Kessiah,1
Ketti,1
Kettie,1
Ketty,1
Kevina,1
Kevyn,1
Ki,1
Kia,1
Kiah,1
Kial,1
Kiele,1
Kiersten,1
Kikelia,1
Kiley,1
Kim,1
Kimberlee,1
Kimberley,1
Kimberli,1
Kimberly,1
Kimberlyn,1
Kimbra,1
Kimmi,1
Kimmie,1
Kimmy,1
Kinna,1
Kip,1
Kipp,1
Kippie,1
Kippy,1
Kira,1
Kirbee,1
Kirbie,1
Kirby,1
Kiri,1
Kirsten,1
Kirsteni,1
Kirsti,1
Kirstie,1
Kirstin,1
Kirstyn,1
Kissee,1
Kissiah,1
Kissie,1
Kit,1
Kitti,1
Kittie,1
Kitty,1
Kizzee,1
Kizzie,1
Klara,1
Klarika,1
Klarrisa,1
Konstance,1
Konstanze,1
Koo,1
Kora,1
Koral,1
Koralle,1
Kordula,1
Kore,1
Korella,1
Koren,1
Koressa,1
Kori,1
Korie,1
Korney,1
Korrie,1
Korry,1
Kourtney,1
Kris,1
Krissie,1
Krissy,1
Krista,1
Kristal,1
Kristan,1
Kriste,1
Kristel,1
Kristen,1
Kristi,1
Kristien,1
Kristin,1
Kristina,1
Kristine,1
Kristy,1
Kristyn,1
Krysta,1
Krystal,1
Krystalle,1
Krystle,1
Krystyna,1
Kyla,1
Kyle,1
Kylen,1
Kylie,1
Kylila,1
Kylynn,1
Kym,1
Kynthia,1
Kyrstin,1
La,1
Lacee,1
Lacey,1
Lacie,1
Lacy,1
Ladonna,1
Laetitia,1
Laila,1
Laina,1
Lainey,1
Lamb,1
Lana,1
Lane,1
Lanette,1
Laney,1
Lani,1
Lanie,1
Lanita,1
Lanna,1
Lanni,1
Lanny,1
Lara,1
Laraine,1
Lari,1
Larina,1
Larine,1
Larisa,1
Larissa,1
Lark,1
Laryssa,1
Latashia,1
Latia,1
Latisha,1
Latrena,1
Latrina,1
Laura,1
Lauraine,1
Laural,1
Lauralee,1
Laure,1
Lauree,1
Laureen,1
Laurel,1
Laurella,1
Lauren,1
Laurena,1
Laurene,1
Lauretta,1
Laurette,1
Lauri,1
Laurianne,1
Laurice,1
Laurie,1
Lauryn,1
Lavena,1
Laverna,1
Laverne,1
Lavina,1
Lavinia,1
Lavinie,1
Layla,1
Layne,1
Layney,1
Lea,1
Leah,1
Leandra,1
Leann,1
Leanna,1
Leanne,1
Leanor,1
Leanora,1
Lebbie,1
Leda,1
Lee,1
LeeAnn,1
Leeann,1
Leeanne,1
Leela,1
Leelah,1
Leena,1
Leesa,1
Leese,1
Legra,1
Leia,1
Leiah,1
Leigh,1
Leigha,1
Leila,1
Leilah,1
Leisha,1
Lela,1
Lelah,1
Leland,1
Lelia,1
Lena,1
Lenee,1
Lenette,1
Lenka,1
Lenna,1
Lenora,1
Lenore,1
Leodora,1
Leoine,1
Leola,1
Leoline,1
Leona,1
Leonanie,1
Leone,1
Leonelle,1
Leonie,1
Leonora,1
Leonore,1
Leontine,1
Leontyne,1
Leora,1
Leorah,1
Leshia,1
Lesley,1
Lesli,1
Leslie,1
Lesly,1
Lesya,1
Leta,1
Lethia,1
Leticia,1
Letisha,1
Letitia,1
Letta,1
Letti,1
Lettie,1
Letty,1
Leyla,1
Lezlie,1
Lia,1
Lian,1
Liana,1
Liane,1
Lianna,1
Lianne,1
Lib,1
Libbey,1
Libbi,1
Libbie,1
Libby,1
Licha,1
Lida,1
Lidia,1
Lil,1
Lila,1
Lilah,1
Lilas,1
Lilia,1
Lilian,1
Liliane,1
Lilias,1
Lilith,1
Lilla,1
Lilli,1
Lillian,1
Lillis,1
Lilllie,1
Lilly,1
Lily,1
Lilyan,1
Lin,1
Lina,1
Lind,1
Linda,1
Lindi,1
Lindie,1
Lindsay,1
Lindsey,1
Lindsy,1
Lindy,1
Linea,1
Linell,1
Linet,1
Linette,1
Linn,1
Linnea,1
Linnell,1
Linnet,1
Linnie,1
Linzy,1
Liora,1
Liorah,1
Lira,1
Lisa,1
Lisabeth,1
Lisandra,1
Lisbeth,1
Lise,1
Lisetta,1
Lisette,1
Lisha,1
Lishe,1
Lissa,1
Lissi,1
Lissie,1
Lissy,1
Lita,1
Liuka,1
Livia,1
Liz,1
Liza,1
Lizabeth,1
Lizbeth,1
Lizette,1
Lizzie,1
Lizzy,1
Loella,1
Lois,1
Loise,1
Lola,1
Lolande,1
Loleta,1
Lolita,1
Lolly,1
Lona,1
Lonee,1
Loni,1
Lonna,1
Lonni,1
Lonnie,1
Lora,1
Lorain,1
Loraine,1
Loralee,1
Loralie,1
Loralyn,1
Loree,1
Loreen,1
Lorelei,1
Lorelle,1
Loren,1
Lorena,1
Lorene,1
Lorenza,1
Loretta,1
Lorettalorna,1
Lorette,1
Lori,1
Loria,1
Lorianna,1
Lorianne,1
Lorie,1
Lorilee,1
Lorilyn,1
Lorinda,1
Lorine,1
Lorita,1
Lorna,1
Lorne,1
Lorraine,1
Lorrayne,1
Lorri,1
Lorrie,1
Lorrin,1
Lorry,1
Lory,1
Lotta,1
Lotte,1
Lotti,1
Lottie,1
Lotty,1
Lou,1
Louella,1
Louisa,1
Louise,1
Louisette,1
Love,1
Luana,1
Luanna,1
Luce,1
Luci,1
Lucia,1
Luciana,1
Lucie,1
Lucienne,1
Lucila,1
Lucilia,1
Lucille,1
Lucina,1
Lucinda,1
Lucine,1
Lucita,1
Lucky,1
Lucretia,1
Lucy,1
Luella,1
Luelle,1
Luisa,1
Luise,1
Lula,1
Lulita,1
Lulu,1
Luna,1
Lura,1
Lurette,1
Lurleen,1
Lurlene,1
Lurline,1
Lusa,1
Lust,1
Lyda,1
Lydia,1
Lydie,1
Lyn,1
Lynda,1
Lynde,1
Lyndel,1
Lyndell,1
Lyndsay,1
Lyndsey,1
Lyndsie,1
Lyndy,1
Lynea,1
Lynelle,1
Lynett,1
Lynette,1
Lynn,1
Lynna,1
Lynne,1
Lynnea,1
Lynnell,1
Lynnelle,1
Lynnet,1
Lynnett,1
Lynnette,1
Lynsey,1
Lysandra,1
Lyssa,1
Mab,1
Mabel,1
Mabelle,1
Mable,1
Mada,1
Madalena,1
Madalyn,1
Maddalena,1
Maddi,1
Maddie,1
Maddy,1
Madel,1
Madelaine,1
Madeleine,1
Madelena,1
Madelene,1
Madelin,1
Madelina,1
Madeline,1
Madella,1
Madelle,1
Madelon,1
Madelyn,1
Madge,1
Madlen,1
Madlin,1
Madona,1
Madonna,1
Mady,1
Mae,1
Maegan,1
Mag,1
Magda,1
Magdaia,1
Magdalen,1
Magdalena,1
Magdalene,1
Maggee,1
Maggi,1
Maggie,1
Maggy,1
Magna,1
Mahala,1
Mahalia,1
Maia,1
Maible,1
Maiga,1
Mair,1
Maire,1
Mairead,1
Maisey,1
Maisie,1
Mala,1
Malanie,1
Malcah,1
Malena,1
Malia,1
Malina,1
Malinda,1
Malinde,1
Malissa,1
Malissia,1
Malka,1
Malkah,1
Mallissa,1
Mallorie,1
Mallory,1
Malorie,1
Malory,1
Malva,1
Malvina,1
Malynda,1
Mame,1
Mamie,1
Manda,1
Mandi,1
Mandie,1
Mandy,1
Manon,1
Manya,1
Mara,1
Marabel,1
Marcela,1
Marcelia,1
Marcella,1
Marcelle,1
Marcellina,1
Marcelline,1
Marchelle,1
Marci,1
Marcia,1
Marcie,1
Marcile,1
Marcille,1
Marcy,1
Mareah,1
Maren,1
Marena,1
Maressa,1
Marga,1
Margalit,1
Margalo,1
Margaret,1
Margareta,1
Margarete,1
Margaretha,1
Margarethe,1
Margaretta,1
Margarette,1
Margarita,1
Margaux,1
Marge,1
Margeaux,1
Margery,1
Marget,1
Margette,1
Margi,1
Margie,1
Margit,1
Marglerite,1
Margo,1
Margot,1
Margret,1
Marguerite,1
Margurite,1
Margy,1
Mari,1
Maria,1
Mariam,1
Marian,1
Mariana,1
Mariann,1
Marianna,1
Marianne,1
Maribel,1
Maribelle,1
Maribeth,1
Marice,1
Maridel,1
Marie,1
Marie-Ann,1
Marie-Jeanne,1
Marieann,1
Mariejeanne,1
Mariel,1
Mariele,1
Marielle,1
Mariellen,1
Marietta,1
Mariette,1
Marigold,1
Marijo,1
Marika,1
Marilee,1
Marilin,1
Marillin,1
Marilyn,1
Marin,1
Marina,1
Marinna,1
Marion,1
Mariquilla,1
Maris,1
Marisa,1
Mariska,1
Marissa,1
Marit,1
Marita,1
Maritsa,1
Mariya,1
Marj,1
Marja,1
Marje,1
Marji,1
Marjie,1
Marjorie,1
Marjory,1
Marjy,1
Marketa,1
Marla,1
Marlane,1
Marleah,1
Marlee,1
Marleen,1
Marlena,1
Marlene,1
Marley,1
Marlie,1
Marline,1
Marlo,1
Marlyn,1
Marna,1
Marne,1
Marney,1
Marni,1
Marnia,1
Marnie,1
Marquita,1
Marrilee,1
Marris,1
Marrissa,1
Marry,1
Marsha,1
Marsiella,1
Marta,1
Martelle,1
Martguerita,1
Martha,1
Marthe,1
Marthena,1
Marti,1
Martica,1
Martie,1
Martina,1
Martita,1
Marty,1
Martynne,1
Mary,1
Marya,1
Maryangelyn,1
Maryann,1
Maryanna,1
Maryanne,1
Marybelle,1
Marybeth,1
Maryellen,1
Maryjane,1
Maryjo,1
Maryl,1
Marylee,1
Marylin,1
Marylinda,1
Marylou,1
Marylynne,1
Maryrose,1
Marys,1
Marysa,1
Masha,1
Matelda,1
Mathilda,1
Mathilde,1
Matilda,1
Matilde,1
Matti,1
Mattie,1
Matty,1
Maud,1
Maude,1
Maudie,1
Maura,1
Maure,1
Maureen,1
Maureene,1
Maurene,1
Maurine,1
Maurise,1
Maurita,1
Mavis,1
Mavra,1
Max,1
Maxi,1
Maxie,1
Maxine,1
Maxy,1
May,1
Maya,1
Maybelle,1
Mayda,1
Maye,1
Mead,1
Meade,1
Meagan,1
Meaghan,1
Meara,1
Mechelle,1
Meg,1
Megan,1
Megen,1
Meggan,1
Meggi,1
Meggie,1
Meggy,1
Meghan,1
Meghann,1
Mehetabel,1
Mei,1
Meira,1
Mel,1
Mela,1
Melamie,1
Melania,1
Melanie,1
Melantha,1
Melany,1
Melba,1
Melesa,1
Melessa,1
Melicent,1
Melina,1
Melinda,1
Melinde,1
Melisa,1
Melisande,1
Melisandra,1
Melisenda,1
Melisent,1
Melissa,1
Melisse,1
Melita,1
Melitta,1
Mella,1
Melli,1
Mellicent,1
Mellie,1
Mellisa,1
Mellisent,1
Mellissa,1
Melloney,1
Melly,1
Melodee,1
Melodie,1
Melody,1
Melonie,1
Melony,1
Melosa,1
Melva,1
Mercedes,1
Merci,1
Mercie,1
Mercy,1
Meredith,1
Meredithe,1
Meridel,1
Meridith,1
Meriel,1
Merilee,1
Merilyn,1
Meris,1
Merissa,1
Merl,1
Merla,1
Merle,1
Merlina,1
Merline,1
Merna,1
Merola,1
Merralee,1
Merridie,1
Merrie,1
Merrielle,1
Merrile,1
Merrilee,1
Merrili,1
Merrill,1
Merrily,1
Merry,1
Mersey,1
Meryl,1
Meta,1
Mia,1
Micaela,1
Michaela,1
Michaelina,1
Michaeline,1
Michaella,1
Michal,1
Michel,1
Michele,1
Michelina,1
Micheline,1
Michell,1
Michelle,1
Micki,1
Mickie,1
Micky,1
Midge,1
Mignon,1
Mignonne,1
Miguela,1
Miguelita,1
Mildred,1
Mildrid,1
Milena,1
Milicent,1
Milissent,1
Milka,1
Milli,1
Millicent,1
Millie,1
Millisent,1
Milly,1
Milzie,1
Mimi,1
Min,1
Mina,1
Minda,1
Mindy,1
Minerva,1
Minetta,1
Minette,1
Minna,1
Minni,1
Minnie,1
Minny,1
Minta,1
Miquela,1
Mira,1
Mirabel,1
Mirabella,1
Mirabelle,1
Miran,1
Miranda,1
Mireielle,1
Mireille,1
Mirella,1
Mirelle,1
Miriam,1
Mirilla,1
Mirna,1
Misha,1
Missie,1
Missy,1
Misti,1
Misty,1
Mitra,1
Mitzi,1
Mmarianne,1
Modesta,1
Modestia,1
Modestine,1
Modesty,1
Moina,1
Moira,1
Moll,1
Mollee,1
Molli,1
Mollie,1
Molly,1
Mommy,1
Mona,1
Monah,1
Monica,1
Monika,1
Monique,1
Mora,1
Moreen,1
Morena,1
Morgan,1
Morgana,1
Morganica,1
Morganne,1
Morgen,1
Moria,1
Morissa,1
Morlee,1
Morna,1
Moselle,1
Moya,1
Moyna,1
Moyra,1
Mozelle,1
Muffin,1
Mufi,1
Mufinella,1
Muire,1
Mureil,1
Murial,1
Muriel,1
Murielle,1
Myna,1
Myra,1
Myrah,1
Myranda,1
Myriam,1
Myrilla,1
Myrle,1
Myrlene,1
Myrna,1
Myrta,1
Myrtia,1
Myrtice,1
Myrtie,1
Myrtle,1
Nada,1
Nadean,1
Nadeen,1
Nadia,1
Nadine,1
Nadiya,1
Nady,1
Nadya,1
Nalani,1
Nan,1
Nana,1
Nananne,1
Nance,1
Nancee,1
Nancey,1
Nanci,1
Nancie,1
Nancy,1
Nanete,1
Nanette,1
Nani,1
Nanice,1
Nanine,1
Nannette,1
Nanni,1
Nannie,1
Nanny,1
Nanon,1
Naoma,1
Naomi,1
Nara,1
Nari,1
Nariko,1
Nat,1
Nata,1
Natala,1
Natalee,1
Natalia,1
Natalie,1
Natalina,1
Nataline,1
Natalya,1
Natasha,1
Natassia,1
Nathalia,1
Nathalie,1
Natka,1
Natty,1
Neala,1
Neda,1
Nedda,1
Nedi,1
Neely,1
Neila,1
Neile,1
Neilla,1
Neille,1
Nela,1
Nelia,1
Nelie,1
Nell,1
Nelle,1
Nelli,1
Nellie,1
Nelly,1
Nena,1
Nerissa,1
Nerita,1
Nert,1
Nerta,1
Nerte,1
Nerti,1
Nertie,1
Nerty,1
Nessa,1
Nessi,1
Nessie,1
Nessy,1
Nesta,1
Netta,1
Netti,1
Nettie,1
Nettle,1
Netty,1
Nevsa,1
Neysa,1
Nichol,1
Nichole,1
Nicholle,1
Nicki,1
Nickie,1
Nicky,1
Nicol,1
Nicola,1
Nicole,1
Nicolea,1
Nicolette,1
Nicoli,1
Nicolina,1
Nicoline,1
Nicolle,1
Nidia,1
Nike,1
Niki,1
Nikki,1
Nikkie,1
Nikoletta,1
Nikolia,1
Nil,1
Nina,1
Ninetta,1
Ninette,1
Ninnetta,1
Ninnette,1
Ninon,1
Nisa,1
Nissa,1
Nisse,1
Nissie,1
Nissy,1
Nita,1
Nitin,1
Nixie,1
Noami,1
Noel,1
Noelani,1
Noell,1
Noella,1
Noelle,1
Noellyn,1
Noelyn,1
Noemi,1
Nola,1
Nolana,1
Nolie,1
Nollie,1
Nomi,1
Nona,1
Nonah,1
Noni,1
Nonie,1
Nonna,1
Nonnah,1
Nora,1
Norah,1
Norean,1
Noreen,1
Norene,1
Norina,1
Norine,1
Norma,1
Norri,1
Norrie,1
Norry,1
Nova,1
Novelia,1
Nydia,1
Nyssa,1
Octavia,1
Odele,1
Odelia,1
Odelinda,1
Odella,1
Odelle,1
Odessa,1
Odetta,1
Odette,1
Odilia,1
Odille,1
Ofelia,1
Ofella,1
Ofilia,1
Ola,1
Olenka,1
Olga,1
Olia,1
Olimpia,1
Olive,1
Olivette,1
Olivia,1
Olivie,1
Oliy,1
Ollie,1
Olly,1
Olva,1
Olwen,1
Olympe,1
Olympia,1
Olympie,1
Ondrea,1
Oneida,1
Onida,1
Onlea,1
Oona,1
Opal,1
Opalina,1
Opaline,1
Ophelia,1
Ophelie,1
Oprah,1
Ora,1
Oralee,1
Oralia,1
Oralie,1
Oralla,1
Oralle,1
Orel,1
Orelee,1
Orelia,1
Orelie,1
Orella,1
Orelle,1
Oreste,1
Oriana,1
Orly,1
Orsa,1
Orsola,1
Ortensia,1
Otha,1
Othelia,1
Othella,1
Othilia,1
Othilie,1
Ottilie,1
Pacifica,1
Page,1
Paige,1
Paloma,1
Pam,1
Pamela,1
Pamelina,1
Pamella,1
Pammi,1
Pammie,1
Pammy,1
Pandora,1
Pansie,1
Pansy,1
Paola,1
Paolina,1
Parwane,1
Pat,1
Patience,1
Patrica,1
Patrice,1
Patricia,1
Patrizia,1
Patsy,1
Patti,1
Pattie,1
Patty,1
Paula,1
Paula-Grace,1
Paule,1
Pauletta,1
Paulette,1
Pauli,1
Paulie,1
Paulina,1
Pauline,1
Paulita,1
Pauly,1
Pavia,1
Pavla,1
Pearl,1
Pearla,1
Pearle,1
Pearline,1
Peg,1
Pegeen,1
Peggi,1
Peggie,1
Peggy,1
Pen,1
Penelopa,1
Penelope,1
Penni,1
Pennie,1
Penny,1
Pepi,1
Pepita,1
Peri,1
Peria,1
Perl,1
Perla,1
Perle,1
Perri,1
Perrine,1
Perry,1
Persis,1
Pet,1
Peta,1
Petra,1
Petrina,1
Petronella,1
Petronia,1
Petronilla,1
Petronille,1
Petunia,1
Phaedra,1
Phaidra,1
Phebe,1
Phedra,1
Phelia,1
Phil,1
Philipa,1
Philippa,1
Philippe,1
Philippine,1
Philis,1
Phillida,1
Phillie,1
Phillis,1
Philly,1
Philomena,1
Phoebe,1
Phylis,1
Phyllida,1
Phyllis,1
Phyllys,1
Phylys,1
Pia,1
Pier,1
Pierette,1
Pierrette,1
Pietra,1
Piper,1
Pippa,1
Pippy,1
Polly,1
Pollyanna,1
Pooh,1
Poppy,1
Portia,1
Pris,1
Prisca,1
Priscella,1
Priscilla,1
Prissie,1
Pru,1
Prudence,1
Prudi,1
Prudy,1
Prue,1
Prunella,1
Queada,1
Queenie,1
Quentin,1
Querida,1
Quinn,1
Quinta,1
Quintana,1
Quintilla,1
Quintina,1
Rachael,1
Rachel,1
Rachele,1
Rachelle,1
Rae,1
Raf,1
Rafa,1
Rafaela,1
Rafaelia,1
Rafaelita,1
Ragnhild,1
Rahal,1
Rahel,1
Raina,1
Raine,1
Rakel,1
Ralina,1
Ramona,1
Ramonda,1
Rana,1
Randa,1
Randee,1
Randene,1
Randi,1
Randie,1
Randy,1
Ranee,1
Rani,1
Rania,1
Ranice,1
Ranique,1
Ranna,1
Raphaela,1
Raquel,1
Raquela,1
Rasia,1
Rasla,1
Raven,1
Ray,1
Raychel,1
Raye,1
Rayna,1
Raynell,1
Rayshell,1
Rea,1
Reba,1
Rebbecca,1
Rebe,1
Rebeca,1
Rebecca,1
Rebecka,1
Rebeka,1
Rebekah,1
Rebekkah,1
Ree,1
Reeba,1
Reena,1
Reeta,1
Reeva,1
Regan,1
Reggi,1
Reggie,1
Regina,1
Regine,1
Reiko,1
Reina,1
Reine,1
Remy,1
Rena,1
Renae,1
Renata,1
Renate,1
Rene,1
Renee,1
Renel,1
Renell,1
Renelle,1
Renie,1
Rennie,1
Reta,1
Retha,1
Revkah,1
Rey,1
Reyna,1
Rhea,1
Rheba,1
Rheta,1
Rhetta,1
Rhiamon,1
Rhianna,1
Rhianon,1
Rhoda,1
Rhodia,1
Rhodie,1
Rhody,1
Rhona,1
Rhonda,1
Riane,1
Riannon,1
Rianon,1
Rica,1
Ricca,1
Rici,1
Ricki,1
Rickie,1
Ricky,1
Riki,1
Rikki,1
Rina,1
Risa,1
Rissa,1
Rita,1
Riva,1
Rivalee,1
Rivi,1
Rivkah,1
Rivy,1
Roana,1
Roanna,1
Roanne,1
Robbi,1
Robbie,1
Robbin,1
Robby,1
Robbyn,1
Robena,1
Robenia,1
Roberta,1
Robin,1
Robina,1
Robinet,1
Robinett,1
Robinetta,1
Robinette,1
Robinia,1
Roby,1
Robyn,1
Roch,1
Rochell,1
Rochella,1
Rochelle,1
Rochette,1
Roda,1
Rodi,1
Rodie,1
Rodina,1
Romola,1
Romona,1
Romonda,1
Romy,1
Rona,1
Ronalda,1
Ronda,1
Ronica,1
Ronna,1
Ronni,1
Ronnica,1
Ronnie,1
Ronny,1
Roobbie,1
Rora,1
Rori,1
Rorie,1
Rory,1
Ros,1
Rosa,1
Rosabel,1
Rosabella,1
Rosabelle,1
Rosaleen,1
Rosalia,1
Rosalie,1
Rosalind,1
Rosalinda,1
Rosalinde,1
Rosaline,1
Rosalyn,1
Rosalynd,1
Rosamond,1
Rosamund,1
Rosana,1
Rosanna,1
Rosanne,1
Rosario,1
Rose,1
Roseann,1
Roseanna,1
Roseanne,1
Roselia,1
Roselin,1
Roseline,1
Rosella,1
Roselle,1
Roselyn,1
Rosemaria,1
Rosemarie,1
Rosemary,1
Rosemonde,1
Rosene,1
Rosetta,1
Rosette,1
Roshelle,1
Rosie,1
Rosina,1
Rosita,1
Roslyn,1
Rosmunda,1
Rosy,1
Row,1
Rowe,1
Rowena,1
Roxana,1
Roxane,1
Roxanna,1
Roxanne,1
Roxi,1
Roxie,1
Roxine,1
Roxy,1
Roz,1
Rozalie,1
Rozalin,1
Rozamond,1
Rozanna,1
Rozanne,1
Roze,1
Rozele,1
Rozella,1
Rozelle,1
Rozina,1
Rubetta,1
Rubi,1
Rubia,1
Rubie,1
Rubina,1
Ruby,1
Ruella,1
Ruperta,1
Ruth,1
Ruthann,1
Ruthanne,1
Ruthe,1
Ruthi,1
Ruthie,1
Ruthy,1
Ryann,1
Rycca,1
Saba,1
Sabina,1
Sabine,1
Sabra,1
Sabrina,1
Sacha,1
Sada,1
Sadella,1
Sadie,1
Sal,1
Sallee,1
Salli,1
Sallie,1
Sally,1
Sallyann,1
Sallyanne,1
Salome,1
Sam,1
Samantha,1
Samara,1
Samaria,1
Sammy,1
Samuela,1
Samuella,1
Sande,1
Sandi,1
Sandie,1
Sandra,1
Sandy,1
Sandye,1
Sapphira,1
Sapphire,1
Sara,1
Sara-Ann,1
Saraann,1
Sarah,1
Sarajane,1
Saree,1
Sarena,1
Sarene,1
Sarette,1
Sari,1
Sarina,1
Sarine,1
Sarita,1
Sascha,1
Sasha,1
Sashenka,1
Saudra,1
Saundra,1
Savina,1
Sayre,1
Scarlet,1
Scarlett,1
Scotty,1
Sean,1
Seana,1
Secunda,1
Seka,1
Sela,1
Selena,1
Selene,1
Selestina,1
Selia,1
Selie,1
Selina,1
Selinda,1
Seline,1
Sella,1
Selle,1
Selma,1
Sena,1
Sephira,1
Serena,1
Serene,1
Shaina,1
Shaine,1
Shalna,1
Shalne,1
Shamit,1
Shana,1
Shanda,1
Shandee,1
Shandie,1
Shandra,1
Shandy,1
Shane,1
Shani,1
Shanie,1
Shanna,1
Shannah,1
Shannen,1
Shannon,1
Shanon,1
Shanta,1
Shantee,1
Shara,1
Sharai,1
Shari,1
Sharia,1
Sharie,1
Sharity,1
Sharl,1
Sharla,1
Sharleen,1
Sharlene,1
Sharline,1
Sharna,1
Sharon,1
Sharona,1
Sharra,1
Sharron,1
Sharyl,1
Shaun,1
Shauna,1
Shawn,1
Shawna,1
Shawnee,1
Shay,1
Shayla,1
Shaylah,1
Shaylyn,1
Shaylynn,1
Shayna,1
Shayne,1
Shea,1
Sheba,1
Sheela,1
Sheelagh,1
Sheelah,1
Sheena,1
Sheeree,1
Sheila,1
Sheila-Kathryn,1
Sheilah,1
Sheilakathryn,1
Shel,1
Shela,1
Shelagh,1
Shelba,1
Shelbi,1
Shelby,1
Shelia,1
Shell,1
Shelley,1
Shelli,1
Shellie,1
Shelly,1
Shena,1
Sher,1
Sheree,1
Sheri,1
Sherie,1
Sheril,1
Sherill,1
Sherilyn,1
Sherline,1
Sherri,1
Sherrie,1
Sherry,1
Sherye,1
Sheryl,1
Shilpa,1
Shina,1
Shir,1
Shira,1
Shirah,1
Shirl,1
Shirlee,1
Shirleen,1
Shirlene,1
Shirley,1
Shirline,1
Shoshana,1
Shoshanna,1
Shoshie,1
Siana,1
Sianna,1
Sib,1
Sibbie,1
Sibby,1
Sibeal,1
Sibel,1
Sibella,1
Sibelle,1
Sibilla,1
Sibley,1
Sibyl,1
Sibylla,1
Sibylle,1
Sidoney,1
Sidonia,1
Sidonnie,1
Sigrid,1
Sile,1
Sileas,1
Silva,1
Silvana,1
Silvia,1
Silvie,1
Simona,1
Simone,1
Simonette,1
Simonne,1
Sindee,1
Sinead,1
Siobhan,1
Sioux,1
Siouxie,1
Sisely,1
Sisile,1
Sissie,1
Sissy,1
Sofia,1
Sofie,1
Solange,1
Sondra,1
Sonia,1
Sonja,1
Sonni,1
Sonnie,1
Sonnnie,1
Sonny,1
Sonya,1
Sophey,1
Sophi,1
Sophia,1
Sophie,1
Sophronia,1
Sorcha,1
Sosanna,1
Stace,1
Stacee,1
Stacey,1
Staci,1
Stacia,1
Stacie,1
Stacy,1
Stafani,1
Star,1
Starla,1
Starlene,1
Starlin,1
Starr,1
Stefa,1
Stefania,1
Stefanie,1
Steffane,1
Steffi,1
Steffie,1
Stella,1
Stepha,1
Stephana,1
Stephani,1
Stephanie,1
Stephannie,1
Stephenie,1
Stephi,1
Stephie,1
Stephine,1
Stesha,1
Stevana,1
Stevena,1
Stoddard,1
Storey,1
Storm,1
Stormi,1
Stormie,1
Stormy,1
Sue,1
Sue-elle,1
Suellen,1
Sukey,1
Suki,1
Sula,1
Sunny,1
Sunshine,1
Susan,1
Susana,1
Susanetta,1
Susann,1
Susanna,1
Susannah,1
Susanne,1
Susette,1
Susi,1
Susie,1
Sussi,1
Susy,1
Suzan,1
Suzann,1
Suzanna,1
Suzanne,1
Suzetta,1
Suzette,1
Suzi,1
Suzie,1
Suzy,1
Suzzy,1
Sybil,1
Sybila,1
Sybilla,1
Sybille,1
Sybyl,1
Sydel,1
Sydelle,1
Sydney,1
Sylvia,1
Sylvie,1
Tabatha,1
Tabbatha,1
Tabbi,1
Tabbie,1
Tabbitha,1
Tabby,1
Tabina,1
Tabitha,1
Taffy,1
Talia,1
Tallia,1
Tallie,1
Tally,1
Talya,1
Talyah,1
Tamar,1
Tamara,1
Tamarah,1
Tamarra,1
Tamera,1
Tami,1
Tamiko,1
Tamma,1
Tammara,1
Tammi,1
Tammie,1
Tammy,1
Tamra,1
Tana,1
Tandi,1
Tandie,1
Tandy,1
Tani,1
Tania,1
Tansy,1
Tanya,1
Tara,1
Tarah,1
Tarra,1
Tarrah,1
Taryn,1
Tasha,1
Tasia,1
Tate,1
Tatiana,1
Tatiania,1
Tatum,1
Tawnya,1
Tawsha,1
Teane,1
Ted,1
Tedda,1
Teddi,1
Teddie,1
Teddy,1
Tedi,1
Tedra,1
Teena,1
Tella,1
Teodora,1
Tera,1
Teresa,1
TeresaAnne,1
Terese,1
Teresina,1
Teresita,1
Teressa,1
Teri,1
Teriann,1
Terina,1
Terra,1
Terri,1
Terri-Jo,1
Terrianne,1
Terrie,1
Terry,1
Terrye,1
Tersina,1
Teryl,1
Terza,1
Tess,1
Tessa,1
Tessi,1
Tessie,1
Tessy,1
Thalia,1
Thea,1
Theada,1
Theadora,1
Theda,1
Thekla,1
Thelma,1
Theo,1
Theodora,1
Theodosia,1
Theresa,1
Theresa-Marie,1
Therese,1
Theresina,1
Theresita,1
Theressa,1
Therine,1
Thia,1
Thomasa,1
Thomasin,1
Thomasina,1
Thomasine,1
Tia,1
Tiana,1
Tiena,1
Tierney,1
Tiertza,1
Tiff,1
Tiffani,1
Tiffanie,1
Tiffany,1
Tiffi,1
Tiffie,1
Tiffy,1
Tilda,1
Tildi,1
Tildie,1
Tildy,1
Tillie,1
Tilly,1
Tim,1
Timi,1
Timmi,1
Timmie,1
Timmy,1
Timothea,1
Tina,1
Tine,1
Tiphani,1
Tiphanie,1
Tiphany,1
Tish,1
Tisha,1
Tobe,1
Tobey,1
Tobi,1
Tobie,1
Toby,1
Tobye,1
Toinette,1
Toma,1
Tomasina,1
Tomasine,1
Tomi,1
Tomiko,1
Tommi,1
Tommie,1
Tommy,1
Toni,1
Tonia,1
Tonie,1
Tony,1
Tonya,1
Tootsie,1
Torey,1
Tori,1
Torie,1
Torrie,1
Tory,1
Tova,1
Tove,1
Trace,1
Tracee,1
Tracey,1
Traci,1
Tracie,1
Tracy,1
Trenna,1
Tresa,1
Trescha,1
Tressa,1
Tricia,1
Trina,1
Trish,1
Trisha,1
Trista,1
Trix,1
Trixi,1
Trixie,1
Trixy,1
Truda,1
Trude,1
Trudey,1
Trudi,1
Trudie,1
Trudy,1
Trula,1
Tuesday,1
Twila,1
Twyla,1
Tybi,1
Tybie,1
Tyne,1
Ula,1
Ulla,1
Ulrica,1
Ulrika,1
Ulrike,1
Umeko,1
Una,1
Ursa,1
Ursala,1
Ursola,1
Ursula,1
Ursulina,1
Ursuline,1
Uta,1
Val,1
Valaree,1
Valaria,1
Vale,1
Valeda,1
Valencia,1
Valene,1
Valenka,1
Valentia,1
Valentina,1
Valentine,1
Valera,1
Valeria,1
Valerie,1
Valery,1
Valerye,1
Valida,1
Valina,1
Valli,1
Vallie,1
Vally,1
Valma,1
Valry,1
Van,1
Vanda,1
Vanessa,1
Vania,1
Vanna,1
Vanni,1
Vannie,1
Vanny,1
Vanya,1
Veda,1
Velma,1
Velvet,1
Vena,1
Venita,1
Ventura,1
Venus,1
Vera,1
Veradis,1
Vere,1
Verena,1
Verene,1
Veriee,1
Verile,1
Verina,1
Verine,1
Verla,1
Verna,1
Vernice,1
Veronica,1
Veronika,1
Veronike,1
Veronique,1
Vi,1
Vicki,1
Vickie,1
Vicky,1
Victoria,1
Vida,1
Viki,1
Vikki,1
Vikkie,1
Vikky,1
Vilhelmina,1
Vilma,1
Vin,1
Vina,1
Vinita,1
Vinni,1
Vinnie,1
Vinny,1
Viola,1
Violante,1
Viole,1
Violet,1
Violetta,1
Violette,1
Virgie,1
Virgina,1
Virginia,1
Virginie,1
Vita,1
Vitia,1
Vitoria,1
Vittoria,1
Viv,1
Viva,1
Vivi,1
Vivia,1
Vivian,1
Viviana,1
Vivianna,1
Vivianne,1
Vivie,1
Vivien,1
Viviene,1
Vivienne,1
Viviyan,1
Vivyan,1
Vivyanne,1
Vonni,1
Vonnie,1
Vonny,1
Wallie,1
Wallis,1
Wally,1
Waly,1
Wanda,1
Wandie,1
Wandis,1
Waneta,1
Wenda,1
Wendeline,1
Wendi,1
Wendie,1
Wendy,1
Wenona,1
Wenonah,1
Whitney,1
Wileen,1
Wilhelmina,1
Wilhelmine,1
Wilie,1
Willa,1
Willabella,1
Willamina,1
Willetta,1
Willette,1
Willi,1
Willie,1
Willow,1
Willy,1
Willyt,1
Wilma,1
Wilmette,1
Wilona,1
Wilone,1
Wilow,1
Windy,1
Wini,1
Winifred,1
Winna,1
Winnah,1
Winne,1
Winni,1
Winnie,1
Winnifred,1
Winny,1
Winona,1
Winonah,1
Wren,1
Wrennie,1
Wylma,1
Wynn,1
Wynne,1
Wynnie,1
Wynny,1
Xaviera,1
Xena,1
Xenia,1
Xylia,1
Xylina,1
Yalonda,1
Yehudit,1
Yelena,1
Yetta,1
Yettie,1
Yetty,1
Yevette,1
Yoko,1
Yolanda,1
Yolande,1
Yolane,1
Yolanthe,1
Yonina,1
Yoshi,1
Yoshiko,1
Yovonnda,1
Yvette,1
Yvonne,1
Zabrina,1
Zahara,1
Zandra,1
Zaneta,1
Zara,1
Zarah,1
Zaria,1
Zarla,1
Zea,1
Zelda,1
Zelma,1
Zena,1
Zenia,1
Zia,1
Zilvia,1
Zita,1
Zitella,1
Zoe,1
Zola,1
Zonda,1
Zondra,1
Zonnya,1
Zora,1
Zorah,1
Zorana,1
Zorina,1
Zorine,1
Zsa Zsa,1
Zsazsa,1
Zulema,1
Zuzana,1
Mikako,1
Kaari,1
Gita,1
Geeta,1
Aamir,0
Aaron,0
Abbey,0
Abbie,0
Abbot,0
Abbott,0
Abby,0
Abdel,0
Abdul,0
Abdulkarim,0
Abdullah,0
Abe,0
Abel,0
Abelard,0
Abner,0
Abraham,0
Abram,0
Ace,0
Adair,0
Adam,0
Adams,0
Addie,0
Adger,0
Aditya,0
Adlai,0
Adnan,0
Adolf,0
Adolfo,0
Adolph,0
Adolphe,0
Adolpho,0
Adolphus,0
Adrian,0
Adrick,0
Adrien,0
Agamemnon,0
Aguinaldo,0
Aguste,0
Agustin,0
Aharon,0
Ahmad,0
Ahmed,0
Ahmet,0
Ajai,0
Ajay,0
Al,0
Alaa,0
Alain,0
Alan,0
Alasdair,0
Alastair,0
Albatros,0
Albert,0
Alberto,0
Albrecht,0
Alden,0
Aldis,0
Aldo,0
Aldric,0
Aldrich,0
Aldus,0
Aldwin,0
Alec,0
Aleck,0
Alejandro,0
Aleks,0
Aleksandrs,0
Alessandro,0
Alex,0
Alexander,0
Alexei,0
Alexis,0
Alf,0
Alfie,0
Alfonse,0
Alfonso,0
Alfonzo,0
Alford,0
Alfred,0
Alfredo,0
Algernon,0
Ali,0
Alic,0
Alister,0
Alix,0
Allah,0
Allan,0
Allen,0
Alley,0
Allie,0
Allin,0
Allyn,0
Alonso,0
Alonzo,0
Aloysius,0
Alphonse,0
Alphonso,0
Alston,0
Alton,0
Alvin,0
Alwin,0
Amadeus,0
Ambros,0
Ambrose,0
Ambrosi,0
Ambrosio,0
Ambrosius,0
Amery,0
Amory,0
Amos,0
Anatol,0
Anatole,0
Anatollo,0
Anatoly,0
Anders,0
Andie,0
Andonis,0
Andre,0
Andrea,0
Andreas,0
Andrej,0
Andres,0
Andrew,0
Andrey,0
Andri,0
Andros,0
Andrus,0
Andrzej,0
Andy,0
Angel,0
Angelico,0
Angelo,0
Angie,0
Angus,0
Ansel,0
Ansell,0
Anselm,0
Anson,0
Anthony,0
Antin,0
Antoine,0
Anton,0
Antone,0
Antoni,0
Antonin,0
Antonino,0
Antonio,0
Antonius,0
Antony,0
Anurag,0
Apollo,0
Apostolos,0
Aram,0
Archibald,0
Archibold,0
Archie,0
Archon,0
Archy,0
Arel,0
Ari,0
Arie,0
Ariel,0
Aristotle,0
Arlo,0
Armand,0
Armando,0
Armond,0
Armstrong,0
Arne,0
Arnie,0
Arnold,0
Arnoldo,0
Aron,0
Arron,0
Art,0
Arther,0
Arthur,0
Artie,0
Artur,0
Arturo,0
Arvie,0
Arvin,0
Arvind,0
Arvy,0
Ash,0
Ashby,0
Ashish,0
Ashley,0
Ashton,0
Aub,0
Aube,0
Aubert,0
Aubrey,0
Augie,0
August,0
Augustin,0
Augustine,0
Augusto,0
Augustus,0
Austen,0
Austin,0
Ave,0
Averell,0
Averil,0
Averill,0
Avery,0
Avi,0
Avraham,0
Avram,0
Avrom,0
Axel,0
Aylmer,0
Aziz,0
Bailey,0
Bailie,0
Baillie,0
Baily,0
Baird,0
Baldwin,0
Bancroft,0
Barbabas,0
Barclay,0
Bard,0
Barde,0
Barn,0
Barnabas,0
Barnabe,0
Barnaby,0
Barnard,0
Barnebas,0
Barnett,0
Barney,0
Barnie,0
Barny,0
Baron,0
Barr,0
Barret,0
Barrett,0
Barri,0
Barrie,0
Barris,0
Barron,0
Barry,0
Bart,0
Bartel,0
Barth,0
Barthel,0
Bartholemy,0
Bartholomeo,0
Bartholomeus,0
Bartholomew,0
Bartie,0
Bartlet,0
Bartlett,0
Bartolemo,0
Bartolomei,0
Bartolomeo,0
Barton,0
Barty,0
Bary,0
Basil,0
Batholomew,0
Baxter,0
Bay,0
Bayard,0
Beale,0
Bealle,0
Bear,0
Bearnard,0
Beau,0
Beaufort,0
Beauregard,0
Beck,0
Bela,0
Ben,0
Benedict,0
Bengt,0
Benito,0
Benjamen,0
Benjamin,0
Benji,0
Benjie,0
Benjy,0
Benn,0
Bennet,0
Bennett,0
Bennie,0
Benny,0
Benson,0
Bentley,0
Benton,0
Beowulf,0
Berchtold,0
Berk,0
Berke,0
Berkeley,0
Berkie,0
Berkley,0
Bernard,0
Bernardo,0
Bernd,0
Bernhard,0
Bernie,0
Bert,0
Bertie,0
Bertram,0
Bertrand,0
Bharat,0
Biff,0
Bill,0
Billie,0
Billy,0
Bing,0
Binky,0
Bishop,0
Bjorn,0
Bjorne,0
Blaine,0
Blair,0
Blake,0
Blare,0
Blayne,0
Bo,0
Bob,0
Bobbie,0
Bobby,0
Bogart,0
Bogdan,0
Boniface,0
Boris,0
Boyce,0
Boyd,0
Brad,0
Braden,0
Bradford,0
Bradley,0
Bradly,0
Brady,0
Brandon,0
Brandy,0
Brant,0
Brendan,0
Brent,0
Bret,0
Brett,0
Brewer,0
Brewster,0
Brian,0
Brice,0
Briggs,0
Brinkley,0
Britt,0
Brock,0
Broddie,0
Broddy,0
Broderic,0
Broderick,0
Brodie,0
Brody,0
Bronson,0
Brook,0
Brooke,0
Brooks,0
Bruce,0
Bruno,0
Bryan,0
Bryant,0
Bryce,0
Bryn,0
Bryon,0
Bubba,0
Buck,0
Bucky,0
Bud,0
Buddy,0
Burgess,0
Burke,0
Burl,0
Burnaby,0
Burt,0
Burton,0
Buster,0
Butch,0
Butler,0
Byram,0
Byron,0
Caesar,0
Cain,0
Cal,0
Caldwell,0
Caleb,0
Calhoun,0
Calvin,0
Cam,0
Cameron,0
Cammy,0
Carey,0
Carl,0
Carleigh,0
Carlie,0
Carlin,0
Carlo,0
Carlos,0
Carlton,0
Carlyle,0
Carmine,0
Carroll,0
Carson,0
Carsten,0
Carter,0
Cary,0
Caryl,0
Case,0
Casey,0
Caspar,0
Casper,0
Cass,0
Cat,0
Cecil,0
Cesar,0
Chad,0
Chadd,0
Chaddie,0
Chaddy,0
Chadwick,0
Chaim,0
Chalmers,0
Chan,0
Chance,0
Chancey,0
Chanderjit,0
Chandler,0
Chane,0
Chariot,0
Charles,0
Charleton,0
Charley,0
Charlie,0
Charlton,0
Chas,0
Chase,0
Chaunce,0
Chauncey,0
Che,0
Chelton,0
Chen,0
Chester,0
Cheston,0
Chet,0
Chev,0
Chevalier,0
Chevy,0
Chip,0
Chris,0
Chrissy,0
Christ,0
Christian,0
Christiano,0
Christie,0
Christof,0
Christofer,0
Christoph,0
Christophe,0
Christopher,0
Christorpher,0
Christos,0
Christy,0
Chrisy,0
Chuck,0
Churchill,0
Clair,0
Claire,0
Clancy,0
Clarance,0
Clare,0
Clarence,0
Clark,0
Clarke,0
Claude,0
Claudio,0
Claudius,0
Claus,0
Clay,0
Clayborn,0
Clayborne,0
Claybourne,0
Clayton,0
Cleland,0
Clem,0
Clemens,0
Clement,0
Clemente,0
Clemmie,0
Cletus,0
Cleveland,0
Cliff,0
Clifford,0
Clifton,0
Clint,0
Clinten,0
Clinton,0
Clive,0
Clyde,0
Cob,0
Cobb,0
Cobbie,0
Cobby,0
Cody,0
Colbert,0
Cole,0
Coleman,0
Colin,0
Collin,0
Collins,0
Conan,0
Connie,0
Connolly,0
Connor,0
Conrad,0
Conroy,0
Constantin,0
Constantine,0
Constantinos,0
Conway,0
Cooper,0
Corbin,0
Corby,0
Corey,0
Corky,0
Cornelius,0
Cornellis,0
Corrie,0
Cortese,0
Corwin,0
Cory,0
Cosmo,0
Costa,0
Courtney,0
Craig,0
Crawford,0
Creighton,0
Cris,0
Cristopher,0
Curt,0
Curtice,0
Curtis,0
Cy,0
Cyril,0
Cyrill,0
Cyrille,0
Cyrillus,0
Cyrus,0
Dabney,0
Daffy,0
Dale,0
Dallas,0
Dalton,0
Damian,0
Damien,0
Damon,0
Dan,0
Dana,0
Dane,0
Dani,0
Danie,0
Daniel,0
Dannie,0
Danny,0
Dante,0
Darby,0
Darcy,0
Daren,0
Darian,0
Darien,0
Darin,0
Dario,0
Darius,0
Darrel,0
Darrell,0
Darren,0
Darrick,0
Darrin,0
Darryl,0
Darth,0
Darwin,0
Daryl,0
Daryle,0
Dave,0
Davey,0
David,0
Davidde,0
Davide,0
Davidson,0
Davie,0
Davin,0
Davis,0
Davon,0
Davoud,0
Davy,0
Dawson,0
Dean,0
Deane,0
Del,0
Delbert,0
Dell,0
Delmar,0
Demetre,0
Demetri,0
Demetris,0
Demetrius,0
Demosthenis,0
Denis,0
Dennie,0
Dennis,0
Denny,0
Derby,0
Derek,0
Derick,0
Derk,0
Derrek,0
Derrick,0
Derrin,0
Derrol,0
Derron,0
Deryl,0
Desmond,0
Desmund,0
Devin,0
Devon,0
Dewey,0
Dewitt,0
Dexter,0
Dick,0
Dickey,0
Dickie,0
Diego,0
Dieter,0
Dietrich,0
Dillon,0
Dimitri,0
Dimitrios,0
Dimitris,0
Dimitrou,0
Dimitry,0
Dino,0
Dion,0
Dionis,0
Dionysus,0
Dirk,0
Dmitri,0
Dom,0
Domenic,0
Domenico,0
Dominic,0
Dominick,0
Dominique,0
Don,0
Donal,0
Donald,0
Donn,0
Donnie,0
Donny,0
Donovan,0
Dorian,0
Dory,0
Doug,0
Douggie,0
Dougie,0
Douglas,0
Douglass,0
Douglis,0
Dov,0
Doyle,0
Drake,0
Drew,0
Dru,0
Dryke,0
Duane,0
Dudley,0
Duffie,0
Duffy,0
Dugan,0
Duke,0
Dunc,0
Duncan,0
Dunstan,0
Durand,0
Durant,0
Durante,0
Durward,0
Dustin,0
Dwain,0
Dwaine,0
Dwane,0
Dwayne,0
Dwight,0
Dylan,0
Dyson,0
Earl,0
Earle,0
Easton,0
Eben,0
Ebeneser,0
Ebenezer,0
Eberhard,0
Ed,0
Eddie,0
Eddy,0
Edgar,0
Edgardo,0
Edie,0
Edmond,0
Edmund,0
Edouard,0
Edsel,0
Eduard,0
Eduardo,0
Edward,0
Edwin,0
Efram,0
Egbert,0
Ehud,0
Elbert,0
Elden,0
Eldon,0
Eli,0
Elias,0
Elihu,0
Elijah,0
Eliot,0
Eliott,0
Elisha,0
Elliot,0
Elliott,0
Ellis,0
Ellsworth,0
Ellwood,0
Elmer,0
Elmore,0
Elnar,0
Elric,0
Elroy,0
Elton,0
Elvin,0
Elvis,0
Elwin,0
Elwood,0
Elwyn,0
Ely,0
Emanuel,0
Emerson,0
Emery,0
Emil,0
Emile,0
Emilio,0
Emmanuel,0
Emmery,0
Emmet,0
Emmett,0
Emmit,0
Emmott,0
Emmy,0
Emory,0
Ender,0
Engelbart,0
Engelbert,0
Englebart,0
Englebert,0
Enoch,0
Enrico,0
Enrique,0
Ephraim,0
Ephram,0
Ephrayim,0
Ephrem,0
Er,0
Erasmus,0
Erastus,0
Erek,0
Erhard,0
Erhart,0
Eric,0
Erich,0
Erick,0
Erik,0
Erin,0
Erl,0
Ernest,0
Ernesto,0
Ernie,0
Ernst,0
Erny,0
Errol,0
Ervin,0
Erwin,0
Esau,0
Esme,0
Esteban,0
Ethan,0
Ethelbert,0
Ethelred,0
Etienne,0
Euclid,0
Eugen,0
Eugene,0
Eustace,0
Ev,0
Evan,0
Evelyn,0
Everard,0
Everett,0
Ewan,0
Ewart,0
Ez,0
Ezechiel,0
Ezekiel,0
Ezra,0
Fabian,0
Fabio,0
Fairfax,0
Farley,0
Fazeel,0
Federico,0
Felice,0
Felicio,0
Felipe,0
Felix,0
Ferd,0
Ferdie,0
Ferdinand,0
Ferdy,0
Fergus,0
Ferguson,0
Ferinand,0
Fernando,0
Fidel,0
Filbert,0
Filip,0
Filipe,0
Filmore,0
Finley,0
Finn,0
Fitz,0
Fitzgerald,0
Flem,0
Fleming,0
Flemming,0
Fletch,0
Fletcher,0
Flin,0
Flinn,0
Flint,0
Flipper,0
Florian,0
Floyd,0
Flynn,0
Fons,0
Fonsie,0
Fonz,0
Fonzie,0
Forbes,0
Ford,0
Forest,0
Forester,0
Forrest,0
Forrester,0
Forster,0
Foster,0
Fowler,0
Fox,0
Fran,0
Francesco,0
Francis,0
Francisco,0
Francois,0
Frank,0
Frankie,0
Franklin,0
Franklyn,0
Franky,0
Frans,0
Franz,0
Fraser,0
Frazier,0
Fred,0
Freddie,0
Freddy,0
Frederic,0
Frederich,0
Frederick,0
Frederico,0
Frederik,0
Fredric,0
Fredrick,0
Freeman,0
Freemon,0
Fremont,0
French,0
Friedric,0
Friedrich,0
Friedrick,0
Fritz,0
Fulton,0
Fyodor,0
Gabe,0
Gabriel,0
Gabriele,0
Gabriell,0
Gabriello,0
Gail,0
Gale,0
Galen,0
Gallagher,0
Gamaliel,0
Garcia,0
Garcon,0
Gardener,0
Gardiner,0
Gardner,0
Garey,0
Garfield,0
Garfinkel,0
Garold,0
Garp,0
Garret,0
Garrett,0
Garrot,0
Garrott,0
Garry,0
Garth,0
Garv,0
Garvey,0
Garvin,0
Garvy,0
Garwin,0
Garwood,0
Gary,0
Gaspar,0
Gasper,0
Gaston,0
Gav,0
Gaven,0
Gavin,0
Gavriel,0
Gay,0
Gayle,0
Gearard,0
Gene,0
Geo,0
Geof,0
Geoff,0
Geoffrey,0
Geoffry,0
Georg,0
George,0
Georges,0
Georgia,0
Georgie,0
Georgy,0
Gerald,0
Geraldo,0
Gerard,0
Gere,0
Gerhard,0
Gerhardt,0
Geri,0
Germaine,0
Gerold,0
Gerome,0
Gerrard,0
Gerri,0
Gerrit,0
Gerry,0
Gershom,0
Gershon,0
Giacomo,0
Gian,0
Giancarlo,0
Giavani,0
Gibb,0
Gideon,0
Giff,0
Giffard,0
Giffer,0
Giffie,0
Gifford,0
Giffy,0
Gil,0
Gilbert,0
Gilberto,0
Gilburt,0
Giles,0
Gill,0
Gilles,0
Ginger,0
Gino,0
Giordano,0
Giorgi,0
Giorgio,0
Giovanne,0
Giovanni,0
Giraldo,0
Giraud,0
Giuseppe,0
Glen,0
Glenn,0
Glynn,0
Godard,0
Godart,0
Goddard,0
Goddart,0
Godfree,0
Godfrey,0
Godfry,0
Godwin,0
Gomer,0
Gonzales,0
Gonzalo,0
Goober,0
Goose,0
Gordan,0
Gordie,0
Gordon,0
Grace,0
Grady,0
Graehme,0
Graeme,0
Graham,0
Graig,0
Grant,0
Granville,0
Greg,0
Gregg,0
Greggory,0
Gregor,0
Gregorio,0
Gregory,0
Gretchen,0
Griff,0
Griffin,0
Griffith,0
Griswold,0
Grove,0
Grover,0
Guido,0
Guillaume,0
Guillermo,0
Gunner,0
Gunter,0
Gunther,0
Gus,0
Gustaf,0
Gustav,0
Gustave,0
Gustavo,0
Gustavus,0
Guthrey,0
Guthrie,0
Guthry,0
Guy,0
Hadleigh,0
Hadley,0
Hadrian,0
Hagan,0
Hagen,0
Hailey,0
Hakeem,0
Hakim,0
Hal,0
Hale,0
Haleigh,0
Haley,0
Hall,0
Hallam,0
Halvard,0
Ham,0
Hamel,0
Hamid,0
Hamil,0
Hamilton,0
Hamish,0
Hamlen,0
Hamlet,0
Hamlin,0
Hammad,0
Hamnet,0
Han,0
Hanan,0
Hanford,0
Hank,0
Hannibal,0
Hans,0
Hans-Peter,0
Hansel,0
Hanson,0
Harald,0
Harcourt,0
Hari,0
Harlan,0
Harland,0
Harley,0
Harlin,0
Harman,0
Harmon,0
Harold,0
Harris,0
Harrison,0
Harrold,0
Harry,0
Hart,0
Hartley,0
Hartwell,0
Harv,0
Harvard,0
Harvey,0
Harvie,0
Harwell,0
Hasheem,0
Hashim,0
Haskel,0
Haskell,0
Hassan,0
Hastings,0
Hasty,0
Haven,0
Hayden,0
Haydon,0
Hayes,0
Hayward,0
Haywood,0
Hazel,0
Heath,0
Heathcliff,0
Hebert,0
Hector,0
Heinrich,0
Heinz,0
Helmuth,0
Henderson,0
Hendrick,0
Hendrik,0
Henri,0
Henrie,0
Henrik,0
Henrique,0
Henry,0
Herb,0
Herbert,0
Herbie,0
Herby,0
Hercule,0
Hercules,0
Herculie,0
Herman,0
Hermann,0
Hermon,0
Hermy,0
Hernando,0
Herold,0
Herrick,0
Herrmann,0
Hersch,0
Herschel,0
Hersh,0
Hershel,0
Herve,0
Hervey,0
Hew,0
Hewe,0
Hewet,0
Hewett,0
Hewie,0
Hewitt,0
Heywood,0
Hezekiah,0
Higgins,0
Hilary,0
Hilbert,0
Hill,0
Hillard,0
Hillary,0
Hillel,0
Hillery,0
Hilliard,0
Hilton,0
Hiralal,0
Hiram,0
Hiro,0
Hirsch,0
Hobart,0
Hodge,0
Hogan,0
Hollis,0
Holly,0
Homer,0
Horace,0
Horacio,0
Horatio,0
Horatius,0
Horst,0
Howard,0
Howie,0
Hoyt,0
Hubert,0
Hudson,0
Huey,0
Hugh,0
Hugo,0
Humbert,0
Humphrey,0
Hunt,0
Hunter,0
Huntington,0
Huntlee,0
Huntley,0
Hurley,0
Husain,0
Husein,0
Hussein,0
Hy,0
Hyatt,0
Hyman,0
Hymie,0
Iago,0
Iain,0
Ian,0
Ibrahim,0
Ichabod,0
Iggie,0
Iggy,0
Ignace,0
Ignacio,0
Ignacius,0
Ignatius,0
Ignaz,0
Ignazio,0
Igor,0
Ike,0
Ikey,0
Immanuel,0
Ingamar,0
Ingelbert,0
Ingemar,0
Inglebert,0
Ingmar,0
Ingram,0
Inigo,0
Ira,0
Irvin,0
Irvine,0
Irving,0
Irwin,0
Isa,0
Isaac,0
Isaak,0
Isador,0
Isadore,0
Isaiah,0
Ishmael,0
Isidore,0
Ismail,0
Israel,0
Istvan,0
Ivan,0
Ivor,0
Izaak,0
Izak,0
Izzy,0
Jabez,0
Jack,0
Jackie,0
Jackson,0
Jacob,0
Jacques,0
Jae,0
Jaime,0
Jake,0
Jakob,0
James,0
Jameson,0
Jamey,0
Jamie,0
Jan,0
Janos,0
Janus,0
Jared,0
Jarrett,0
Jarvis,0
Jason,0
Jasper,0
Javier,0
Jay,0
Jean,0
Jean-Christophe,0
Jean-Francois,0
Jean-Lou,0
Jean-Luc,0
Jean-Marc,0
Jean-Paul,0
Jean-Pierre,0
Jeb,0
Jed,0
Jedediah,0
Jef,0
Jeff,0
Jefferey,0
Jefferson,0
Jeffery,0
Jeffie,0
Jeffrey,0
Jeffry,0
Jefry,0
Jehu,0
Jennings,0
Jens,0
Jephthah,0
Jerald,0
Jeramie,0
Jere,0
Jereme,0
Jeremiah,0
Jeremias,0
Jeremie,0
Jeremy,0
Jermain,0
Jermaine,0
Jermayne,0
Jerold,0
Jerome,0
Jeromy,0
Jerri,0
Jerrie,0
Jerrold,0
Jerrome,0
Jerry,0
Jervis,0
Jerzy,0
Jess,0
Jesse,0
Jessee,0
Jessey,0
Jessie,0
Jesus,0
Jeth,0
Jethro,0
Jim,0
Jimbo,0
Jimmie,0
Jimmy,0
Jo,0
Joab,0
Joachim,0
Joao,0
Joaquin,0
Job,0
Jock,0
Jodi,0
Jodie,0
Jody,0
Joe,0
Joel,0
Joey,0
Johan,0
Johann,0
Johannes,0
John,0
John-David,0
John-Patrick,0
Johnathan,0
Johnathon,0
Johnnie,0
Johnny,0
Johny,0
Jon,0
Jonah,0
Jonas,0
Jonathan,0
Jonathon,0
Jonny,0
Jordan,0
Jordon,0
Jordy,0
Jorge,0
Jory,0
Jose,0
Josef,0
Joseph,0
Josephus,0
Josh,0
Joshua,0
Joshuah,0
Josiah,0
Jotham,0
Juan,0
Juanita,0
Jud,0
Judah,0
Judas,0
Judd,0
Jude,0
Judith,0
Judson,0
Judy,0
Juergen,0
Jule,0
Jules,0
Julian,0
Julie,0
Julio,0
Julius,0
Justin,0
Justis,0
Kaiser,0
Kaleb,0
Kalil,0
Kalle,0
Kalman,0
Kalvin,0
Kam,0
Kane,0
Kareem,0
Karel,0
Karim,0
Karl,0
Karsten,0
Kaspar,0
Keefe,0
Keenan,0
Keene,0
Keil,0
Keith,0
Kellen,0
Kelley,0
Kelly,0
Kelsey,0
Kelvin,0
Kelwin,0
Ken,0
Kendal,0
Kendall,0
Kendrick,0
Kenn,0
Kennedy,0
Kenneth,0
Kenny,0
Kent,0
Kenton,0
Kenyon,0
Kermie,0
Kermit,0
Kerry,0
Kevan,0
Kevin,0
Kim,0
Kimball,0
Kimmo,0
Kin,0
Kincaid,0
King,0
Kingsley,0
Kingsly,0
Kingston,0
Kip,0
Kirby,0
Kirk,0
Kit,0
Klaus,0
Klee,0
Knox,0
Konrad,0
Konstantin,0
Kory,0
Kostas,0
Kraig,0
Kris,0
Krishna,0
Kristian,0
Kristopher,0
Kristos,0
Kurt,0
Kurtis,0
Kyle,0
Laird,0
Lamar,0
Lambert,0
Lamont,0
Lance,0
Lancelot,0
Lane,0
Langston,0
Lanny,0
Larry,0
Lars,0
Laurance,0
Lauren,0
Laurence,0
Laurens,0
Laurent,0
Laurie,0
Lawerence,0
Lawrence,0
Lawson,0
Lawton,0
Lay,0
Layton,0
Lazar,0
Lazare,0
Lazaro,0
Lazarus,0
Lazlo,0
Lee,0
Lefty,0
Leif,0
Leigh,0
Leighton,0
Leland,0
Lem,0
Lemar,0
Lemmie,0
Lemmy,0
Lemuel,0
Len,0
Lenard,0
Lennie,0
Lenny,0
Leo,0
Leon,0
Leonard,0
Leonardo,0
Leonerd,0
Leonhard,0
Leonid,0
Leonidas,0
Leopold,0
Leroy,0
Les,0
Lesley,0
Leslie,0
Lester,0
Lev,0
Levi,0
Levin,0
Levon,0
Levy,0
Lew,0
Lewis,0
Lex,0
Liam,0
Lin,0
Lincoln,0
Lind,0
Lindsay,0
Lindsey,0
Lindy,0
Linoel,0
Linus,0
Lion,0
Lionel,0
Lionello,0
Llewellyn,0
Lloyd,0
Locke,0
Lockwood,0
Logan,0
Lon,0
Lonnie,0
Lonny,0
Loren,0
Lorenzo,0
Lorne,0
Lorrie,0
Lothar,0
Lou,0
Louie,0
Louis,0
Lovell,0
Lowell,0
Lucas,0
Luce,0
Lucian,0
Luciano,0
Lucien,0
Lucio,0
Lucius,0
Ludvig,0
Ludwig,0
Luigi,0
Luis,0
Lukas,0
Luke,0
Luther,0
Lyle,0
Lyn,0
Lyndon,0
Lynn,0
Mac,0
Mace,0
Mack,0
Mackenzie,0
Maddie,0
Maddy,0
Madison,0
Magnum,0
Magnus,0
Mahesh,0
Mahmoud,0
Mahmud,0
Maison,0
Major,0
Malcolm,0
Manfred,0
Manish,0
Manny,0
Manuel,0
Marc,0
Marcel,0
Marcello,0
Marcellus,0
Marcelo,0
Marchall,0
Marcio,0
Marco,0
Marcos,0
Marcus,0
Marietta,0
Marilu,0
Mario,0
Marion,0
Marius,0
Mark,0
Marko,0
Markos,0
Markus,0
Marlin,0
Marlo,0
Marlon,0
Marlow,0
Marlowe,0
Marmaduke,0
Marsh,0
Marshal,0
Marshall,0
Mart,0
Martainn,0
Marten,0
Martie,0
Martin,0
Martino,0
Marty,0
Martyn,0
Marv,0
Marve,0
Marven,0
Marvin,0
Marwin,0
Mason,0
Mateo,0
Mathew,0
Mathias,0
Matias,0
Matt,0
Matteo,0
Matthaeus,0
Mattheus,0
Matthew,0
Matthias,0
Matthieu,0
Matthiew,0
Matthus,0
Mattias,0
Mattie,0
Matty,0
Maurice,0
Mauricio,0
Maurie,0
Maurise,0
Maurits,0
Mauritz,0
Maury,0
Max,0
Maxfield,0
Maxie,0
Maxim,0
Maximilian,0
Maximilien,0
Maxwell,0
Mayer,0
Maynard,0
Maynord,0
Mayor,0
Mead,0
Meade,0
Meier,0
Meir,0
Mel,0
Melvin,0
Melvyn,0
Menard,0
Mendel,0
Mendie,0
Meredeth,0
Meredith,0
Merell,0
Merill,0
Merle,0
Merlin,0
Merrel,0
Merrick,0
Merril,0
Merrill,0
Merry,0
Merv,0
Mervin,0
Merwin,0
Meryl,0
Meyer,0
Mic,0
Micah,0
Michael,0
Michail,0
Michal,0
Michale,0
Micheal,0
Micheil,0
Michel,0
Michele,0
Mick,0
Mickey,0
Mickie,0
Micky,0
Miguel,0
Mika,0
Mikael,0
Mike,0
Mikel,0
Mikey,0
Mikhail,0
Miles,0
Millicent,0
Milo,0
Milt,0
Milton,0
Mischa,0
Mitch,0
Mitchael,0
Mitchel,0
Mitchell,0
Moe,0
Mohamad,0
Mohamed,0
Mohammad,0
Mohammed,0
Mohan,0
Moise,0
Moises,0
Moishe,0
Monroe,0
Montague,0
Monte,0
Montgomery,0
Monty,0
Moore,0
Mordecai,0
Morgan,0
Morlee,0
Morley,0
Morly,0
Morrie,0
Morris,0
Morry,0
Morse,0
Mort,0
Morten,0
Mortie,0
Mortimer,0
Morton,0
Morty,0
Mose,0
Moses,0
Moshe,0
Moss,0
Muffin,0
Mugsy,0
Muhammad,0
Munmro,0
Munroe,0
Murdoch,0
Murdock,0
Murphy,0
Murray,0
Mustafa,0
Myke,0
Myles,0
Mylo,0
Myron,0
Nahum,0
Napoleon,0
Nat,0
Natale,0
Nate,0
Nathan,0
Nathanael,0
Nathanial,0
Nathaniel,0
Nathanil,0
Neal,0
Neale,0
Neall,0
Nealon,0
Nealson,0
Nealy,0
Ned,0
Neddie,0
Neddy,0
Neel,0
Neil,0
Nels,0
Nelsen,0
Nelson,0
Nero,0
Neron,0
Nester,0
Nestor,0
Nev,0
Nevil,0
Nevile,0
Neville,0
Nevin,0
Nevins,0
Newton,0
Niall,0
Niccolo,0
Nicholas,0
Nichole,0
Nichols,0
Nick,0
Nickey,0
Nickie,0
Nickolas,0
Nicky,0
Nico,0
Nicolas,0
Niels,0
Nigel,0
Niki,0
Nikita,0
Nikki,0
Nikolai,0
Nikos,0
Niles,0
Nils,0
Nilson,0
Niven,0
Noach,0
Noah,0
Noam,0
Noble,0
Noe,0
Noel,0
Nolan,0
Noland,0
Norbert,0
Norm,0
Norman,0
Normand,0
Normie,0
Norris,0
Northrop,0
Northrup,0
Norton,0
Norwood,0
Nunzio,0
Obadiah,0
Obadias,0
Oberon,0
Obie,0
Octavius,0
Odell,0
Odie,0
Odin,0
Odysseus,0
Olaf,0
Olag,0
Ole,0
Oleg,0
Olin,0
Oliver,0
Olivier,0
Olle,0
Ollie,0
Omar,0
Oral,0
Oran,0
Orazio,0
Orbadiah,0
Oren,0
Orin,0
Orion,0
Orlando,0
Orren,0
Orrin,0
Orson,0
Orton,0
Orville,0
Osbert,0
Osborn,0
Osborne,0
Osbourn,0
Osbourne,0
Oscar,0
Osgood,0
Osmond,0
Osmund,0
Ossie,0
Oswald,0
Oswell,0
Otes,0
Othello,0
Otho,0
Otis,0
Otto,0
Owen,0
Ozzie,0
Ozzy,0
Pablo,0
Pace,0
Paco,0
Paddie,0
Paddy,0
Padraig,0
Page,0
Paige,0
Pail,0
Palmer,0
Paolo,0
Park,0
Parke,0
Parker,0
Parnell,0
Parrnell,0
Parry,0
Parsifal,0
Partha,0
Pascal,0
Pascale,0
Pasquale,0
Pat,0
Pate,0
Patel,0
Paten,0
Patin,0
Paton,0
Patric,0
Patrice,0
Patricio,0
Patrick,0
Patrik,0
Patsy,0
Pattie,0
Patty,0
Paul,0
Paulo,0
Pavel,0
Pearce,0
Pedro,0
Peirce,0
Pembroke,0
Pen,0
Penn,0
Pennie,0
Penny,0
Penrod,0
Pepe,0
Pepillo,0
Pepito,0
Perceval,0
Percival,0
Percy,0
Perry,0
Pete,0
Peter,0
Petey,0
Petr,0
Peyter,0
Peyton,0
Phil,0
Philbert,0
Philip,0
Phillip,0
Phillipe,0
Phillipp,0
Phineas,0
Phip,0
Pierce,0
Pierre,0
Pierson,0
Piet,0
Pieter,0
Pietro,0
Piggy,0
Pincas,0
Pinchas,0
Pincus,0
Piotr,0
Pip,0
Plato,0
Pooh,0
Porter,0
Poul,0
Powell,0
Praneetf,0
Prasad,0
Prasun,0
Prent,0
Prentice,0
Prentiss,0
Prescott,0
Preston,0
Price,0
Prince,0
Pryce,0
Puff,0
Purcell,0
Putnam,0
Pyotr,0
Quent,0
Quentin,0
Quiggly,0
Quigly,0
Quigman,0
Quill,0
Quillan,0
Quincey,0
Quincy,0
Quinlan,0
Quinn,0
Quint,0
Quintin,0
Quinton,0
Quintus,0
Rab,0
Rabbi,0
Rabi,0
Rad,0
Radcliffe,0
Rafael,0
Rafe,0
Ragnar,0
Raimund,0
Rainer,0
Raj,0
Rajeev,0
Raleigh,0
Ralf,0
Ralph,0
Ram,0
Ramesh,0
Ramon,0
Ramsay,0
Ramsey,0
Rand,0
Randal,0
Randall,0
Randell,0
Randi,0
Randie,0
Randolf,0
Randolph,0
Randy,0
Ransell,0
Ransom,0
Raoul,0
Raphael,0
Raul,0
Ravi,0
Ravil,0
Rawley,0
Ray,0
Raymond,0
Raymund,0
Raymundo,0
Raynard,0
Rayner,0
Raynor,0
Reagan,0
Red,0
Redford,0
Redmond,0
Reece,0
Reed,0
Rees,0
Reese,0
Reg,0
Regan,0
Regen,0
Reggie,0
Reggis,0
Reggy,0
Reginald,0
Reginauld,0
Reid,0
Reilly,0
Reinhard,0
Reinhold,0
Rem,0
Remington,0
Remus,0
Renado,0
Renaldo,0
Renard,0
Renato,0
Renaud,0
Renault,0
Rene,0
Reube,0
Reuben,0
Reuven,0
Rex,0
Rey,0
Reynard,0
Reynold,0
Reynolds,0
Reza,0
Rhett,0
Ric,0
Ricard,0
Ricardo,0
Riccardo,0
Rice,0
Rich,0
Richard,0
Richardo,0
Richie,0
Richmond,0
Richy,0
Rick,0
Rickard,0
Rickey,0
Ricki,0
Rickie,0
Ricky,0
Rik,0
Rikki,0
Riley,0
Rinaldo,0
Ripley,0
Ritch,0
Ritchie,0
Roarke,0
Rob,0
Robb,0
Robbert,0
Robbie,0
Robert,0
Roberto,0
Robin,0
Robinson,0
Rochester,0
Rock,0
Rockwell,0
Rocky,0
Rod,0
Rodd,0
Roddie,0
Roddy,0
Roderic,0
Roderich,0
Roderick,0
Roderigo,0
Rodge,0
Rodger,0
Rodney,0
Rodolfo,0
Rodolph,0
Rodolphe,0
Rodrick,0
Rodrigo,0
Rodrique,0
Rog,0
Roger,0
Rogers,0
Roice,0
Roland,0
Rolando,0
Rolf,0
Rolfe,0
Rolland,0
Rollin,0
Rollins,0
Rollo,0
Rolph,0
Romain,0
Roman,0
Romeo,0
Ron,0
Ronald,0
Ronen,0
Roni,0
Ronnie,0
Ronny,0
Roosevelt,0
Rory,0
Roscoe,0
Ross,0
Roth,0
Rourke,0
Rowland,0
Roy,0
Royal,0
Royce,0
Rube,0
Ruben,0
Rubin,0
Ruby,0
Rudd,0
Ruddie,0
Ruddy,0
Rudie,0
Rudiger,0
Rudolf,0
Rudolfo,0
Rudolph,0
Rudy,0
Rudyard,0
Rufe,0
Rufus,0
Rupert,0
Ruperto,0
Russ,0
Russel,0
Russell,0
Rustie,0
Rustin,0
Rusty,0
Rutger,0
Rutherford,0
Rutledge,0
Rutter,0
Ryan,0
Sal,0
Salem,0
Salim,0
Salman,0
Salmon,0
Salomo,0
Salomon,0
Salomone,0
Salvador,0
Salvatore,0
Salvidor,0
Sam,0
Sammie,0
Sammy,0
Sampson,0
Samson,0
Samuel,0
Samuele,0
Sancho,0
Sander,0
Sanders,0
Sanderson,0
Sandor,0
Sandro,0
Sandy,0
Sanford,0
Sanson,0
Sansone,0
Sarge,0
Sargent,0
Sascha,0
Sasha,0
Saul,0
Sauncho,0
Saunder,0
Saunders,0
Saunderson,0
Saundra,0
Saw,0
Sawyer,0
Sawyere,0
Sax,0
Saxe,0
Saxon,0
Say,0
Sayer,0
Sayers,0
Sayre,0
Sayres,0
Scarface,0
Schroeder,0
Schuyler,0
Scot,0
Scott,0
Scotti,0
Scottie,0
Scotty,0
Seamus,0
Sean,0
Sebastian,0
Sebastiano,0
Sebastien,0
See,0
Selby,0
Selig,0
Serge,0
Sergeant,0
Sergei,0
Sergent,0
Sergio,0
Seth,0
Seymour,0
Shadow,0
Shaine,0
Shalom,0
Shamus,0
Shanan,0
Shane,0
Shannan,0
Shannon,0
Shaughn,0
Shaun,0
Shaw,0
Shawn,0
Shay,0
Shayne,0
Shea,0
Sheff,0
Sheffie,0
Sheffield,0
Sheffy,0
Shelby,0
Shelden,0
Sheldon,0
Shell,0
Shelley,0
Shelton,0
Shem,0
Shep,0
Shepard,0
Shepherd,0
Sheppard,0
Shepperd,0
Sheridan,0
Sherlock,0
Sherlocke,0
Sherman,0
Sherwin,0
Sherwood,0
Sherwynd,0
Shimon,0
Shlomo,0
Sholom,0
Shorty,0
Shurlock,0
Shurlocke,0
Shurwood,0
Si,0
Sibyl,0
Sid,0
Siddhartha,0
Sidnee,0
Sidney,0
Siegfried,0
Siffre,0
Sig,0
Sigfrid,0
Sigfried,0
Sigmund,0
Silas,0
Silvain,0
Silvan,0
Silvano,0
Silvanus,0
Silvester,0
Silvio,0
Sim,0
Simeon,0
Simmonds,0
Simon,0
Simone,0
Sinclair,0
Sinclare,0
Sivert,0
Siward,0
Skell,0
Skelly,0
Skip,0
Skipp,0
Skipper,0
Skippie,0
Skippy,0
Skipton,0
Sky,0
Skye,0
Skylar,0
Skyler,0
Slade,0
Slim,0
Sloan,0
Sloane,0
Sly,0
Smith,0
Smitty,0
Socrates,0
Sol,0
Sollie,0
Solly,0
Solomon,0
Somerset,0
Son,0
Sonnie,0
Sonny,0
Sparky,0
Spence,0
Spencer,0
Spense,0
Spenser,0
Spike,0
Spiro,0
Spiros,0
Spud,0
Srinivas,0
Stacy,0
Staffard,0
Stafford,0
Staford,0
Stan,0
Standford,0
Stanfield,0
Stanford,0
Stanislaw,0
Stanleigh,0
Stanley,0
Stanly,0
Stanton,0
Stanwood,0
Stavros,0
Stearn,0
Stearne,0
Stefan,0
Stefano,0
Steffen,0
Stephan,0
Stephanus,0
Stephen,0
Sterling,0
Stern,0
Sterne,0
Steve,0
Steven,0
Stevie,0
Stevy,0
Stew,0
Steward,0
Stewart,0
Stig,0
Stillman,0
Stillmann,0
Sting,0
Stinky,0
Stirling,0
Stu,0
Stuart,0
Sturgis,0
Sullivan,0
Sully,0
Sumner,0
Sunny,0
Sutherland,0
Sutton,0
Sven,0
Swen,0
Syd,0
Sydney,0
Sylvan,0
Sylvester,0
Tab,0
Tabb,0
Tabbie,0
Tabby,0
Taber,0
Tabor,0
Tad,0
Tadd,0
Taddeo,0
Taddeus,0
Tadeas,0
Tailor,0
Tait,0
Taite,0
Talbert,0
Talbot,0
Tallie,0
Tally,0
Tam,0
Tamas,0
Tammie,0
Tammy,0
Tan,0
Tann,0
Tanner,0
Tanney,0
Tannie,0
Tanny,0
Tarrance,0
Tarrant,0
Tarzan,0
Tate,0
Taylor,0
Teador,0
Ted,0
Tedd,0
Teddie,0
Teddy,0
Tedie,0
Tedman,0
Tedmund,0
Tedrick,0
Temp,0
Temple,0
Templeton,0
Teodoor,0
Teodor,0
Teodorico,0
Teodoro,0
Terence,0
Terencio,0
Terrance,0
Terrel,0
Terrell,0
Terrence,0
Terri,0
Terrill,0
Terry,0
Thacher,0
Thad,0
Thaddeus,0
Thaddius,0
Thaddus,0
Thadeus,0
Thain,0
Thaine,0
Thane,0
Tharen,0
Thatch,0
Thatcher,0
Thaxter,0
Thayne,0
Thebault,0
Thedric,0
Thedrick,0
Theo,0
Theobald,0
Theodor,0
Theodore,0
Theodoric,0
Theophyllus,0
Thibaud,0
Thibaut,0
Thom,0
Thomas,0
Thor,0
Thorn,0
Thorndike,0
Thornie,0
Thornton,0
Thorny,0
Thorpe,0
Thorstein,0
Thorsten,0
Thorvald,0
Thurstan,0
Thurston,0
Tibold,0
Tiebold,0
Tiebout,0
Tiler,0
Tim,0
Timmie,0
Timmy,0
Timothee,0
Timotheus,0
Timothy,0
Tirrell,0
Tito,0
Titos,0
Titus,0
Tobe,0
Tobiah,0
Tobias,0
Tobie,0
Tobin,0
Tobit,0
Toby,0
Tod,0
Todd,0
Toddie,0
Toddy,0
Tom,0
Tomas,0
Tome,0
Tomkin,0
Tomlin,0
Tommie,0
Tommy,0
Tonnie,0
Tony,0
Tore,0
Torey,0
Torin,0
Torr,0
Torrance,0
Torre,0
Torrence,0
Torrey,0
Torrin,0
Torry,0
Town,0
Towney,0
Townie,0
Townsend,0
Towny,0
Trace,0
Tracey,0
Tracie,0
Tracy,0
Traver,0
Travers,0
Travis,0
Tray,0
Tre,0
Tremain,0
Tremaine,0
Tremayne,0
Trent,0
Trenton,0
Trev,0
Trevar,0
Trever,0
Trevor,0
Trey,0
Trip,0
Tristan,0
Troy,0
Truman,0
Tuck,0
Tucker,0
Tuckie,0
Tucky,0
Tudor,0
Tull,0
Tulley,0
Tully,0
Turner,0
Ty,0
Tybalt,0
Tye,0
Tyler,0
Tymon,0
Tymothy,0
Tynan,0
Tyrone,0
Tyrus,0
Tyson,0
Udale,0
Udall,0
Udell,0
Ugo,0
Ulberto,0
Uli,0
Ulick,0
Ulises,0
Ulric,0
Ulrich,0
Ulrick,0
Ulysses,0
Umberto,0
Upton,0
Urbain,0
Urban,0
Urbano,0
Urbanus,0
Uri,0
Uriah,0
Uriel,0
Urson,0
Vachel,0
Vaclav,0
Vail,0
Val,0
Valdemar,0
Vale,0
Valentin,0
Valentine,0
Van,0
Vance,0
Vasili,0
Vasilis,0
Vasily,0
Vassili,0
Vassily,0
Vaughan,0
Vaughn,0
Venkat,0
Verge,0
Vergil,0
Vern,0
Verne,0
Vernen,0
Verney,0
Vernon,0
Vernor,0
Vic,0
Vick,0
Victor,0
Vijay,0
Vilhelm,0
Vin,0
Vince,0
Vincent,0
Vincents,0
Vinnie,0
Vinny,0
Vinod,0
Virge,0
Virgie,0
Virgil,0
Virgilio,0
Vite,0
Vito,0
Vlad,0
Vladamir,0
Vladimir,0
Voltaire,0
Von,0
Wade,0
Wadsworth,0
Wain,0
Waine,0
Wainwright,0
Wait,0
Waite,0
Waiter,0
Wake,0
Wakefield,0
Wald,0
Waldemar,0
Walden,0
Waldo,0
Waldon,0
Waleed,0
Walker,0
Wallace,0
Wallache,0
Wallas,0
Wallie,0
Wallis,0
Wally,0
Walsh,0
Walt,0
Walter,0
Walther,0
Walton,0
Wang,0
Ward,0
Warde,0
Warden,0
Ware,0
Waring,0
Warner,0
Warren,0
Wash,0
Washington,0
Wat,0
Waverley,0
Waverly,0
Way,0
Waylan,0
Wayland,0
Waylen,0
Waylin,0
Waylon,0
Wayne,0
Web,0
Webb,0
Weber,0
Webster,0
Weidar,0
Weider,0
Welbie,0
Welby,0
Welch,0
Wells,0
Welsh,0
Wendall,0
Wendel,0
Wendell,0
Werner,0
Wes,0
Wesley,0
Weslie,0
West,0
Westbrook,0
Westbrooke,0
Westleigh,0
Westley,0
Weston,0
Weylin,0
Wheeler,0
Whit,0
Whitaker,0
Whitby,0
Whitman,0
Whitney,0
Whittaker,0
Wiatt,0
Wilber,0
Wilbert,0
Wilbur,0
Wilburn,0
Wilburt,0
Wilden,0
Wildon,0
Wilek,0
Wiley,0
Wilfred,0
Wilfrid,0
Wilhelm,0
Will,0
Willard,0
Willdon,0
Willem,0
Willey,0
Willi,0
William,0
Willie,0
Willis,0
Willmott,0
Willy,0
Wilmar,0
Wilmer,0
Wilson,0
Wilt,0
Wilton,0
Win,0
Windham,0
Winfield,0
Winford,0
Winfred,0
Winifield,0
Winn,0
Winnie,0
Winny,0
Winslow,0
Winston,0
Winthrop,0
Winton,0
Wit,0
Witold,0
Wittie,0
Witty,0
Wojciech,0
Wolf,0
Wolfgang,0
Wolfie,0
Wolfram,0
Wolfy,0
Woochang,0
Wood,0
Woodie,0
Woodman,0
Woodrow,0
Woody,0
Worden,0
Worth,0
Worthington,0
Worthy,0
Wright,0
Wyatan,0
Wyatt,0
Wye,0
Wylie,0
Wyn,0
Wyndham,0
Wynn,0
Wynton,0
Xavier,0
Xenos,0
Xerxes,0
Xever,0
Ximenes,0
Ximenez,0
Xymenes,0
Yaakov,0
Yacov,0
Yale,0
Yanaton,0
Yance,0
Yancey,0
Yancy,0
Yank,0
Yankee,0
Yard,0
Yardley,0
Yehudi,0
Yigal,0
Yule,0
Yuri,0
Yves,0
Zach,0
Zacharia,0
Zachariah,0
Zacharias,0
Zacharie,0
Zachary,0
Zacherie,0
Zachery,0
Zack,0
Zackariah,0
Zak,0
Zalman,0
Zane,0
Zared,0
Zary,0
Zeb,0
Zebadiah,0
Zebedee,0
Zebulen,0
Zebulon,0
Zechariah,0
Zed,0
Zedekiah,0
Zeke,0
Zelig,0
Zerk,0
Zeus,0
Zippy,0
Zollie,0
Zolly,0
Zorro,0
Rahul,0
Shumeet,0
Vibhu,0